Symbol,Series,Date,PrevClose,OpenPrice,HighPrice,LowPrice,LastPrice,ClosePrice
HCLTECH,EQ,1-Jan-16,855.1,855.1,855.1,843.5,845.6,845.85
HCLTECH,EQ,4-Jan-16,845.85,841,854.95,837.45,846.95,845.95
HCLTECH,EQ,5-Jan-16,845.95,848.95,851.05,836.4,844,842.8
HCLTECH,EQ,6-Jan-16,842.8,853.7,853.7,837,841,841.4
HCLTECH,EQ,7-Jan-16,841.4,836.1,837.9,819,825.5,825.05
HCLTECH,EQ,8-Jan-16,825.05,828,836.75,813.8,831.05,828.35
HCLTECH,EQ,11-Jan-16,828.35,815,833,811.1,815,814.55
HCLTECH,EQ,12-Jan-16,814.55,818,819,798.05,809.65,810.05
HCLTECH,EQ,13-Jan-16,810.05,814.8,829.85,804.3,829,826.4
HCLTECH,EQ,14-Jan-16,826.4,810.05,841.8,810.05,830.05,828.85
HCLTECH,EQ,15-Jan-16,828.85,828.5,842,816,840.1,838.05
HCLTECH,EQ,18-Jan-16,838.05,831.1,853.95,831.1,848,842.35
HCLTECH,EQ,19-Jan-16,842.35,867,870,800,840,838.25
HCLTECH,EQ,20-Jan-16,838.25,831.05,846,823,839,841.9
HCLTECH,EQ,21-Jan-16,841.9,844,850.15,831.25,832.35,835.25
HCLTECH,EQ,22-Jan-16,835.25,838,850.95,831.9,841,839.25
HCLTECH,EQ,25-Jan-16,839.25,847.5,858.9,836.85,839.4,838.7
HCLTECH,EQ,27-Jan-16,838.7,838,840.9,830.2,839,836
HCLTECH,EQ,28-Jan-16,836,833,849.8,829.7,844.15,844.5
HCLTECH,EQ,29-Jan-16,844.5,845.25,870,842.3,866.4,865.75
HCLTECH,EQ,1-Feb-16,865.75,865.8,889.9,865.8,876.7,880.3
HCLTECH,EQ,2-Feb-16,880.3,880,885,867.05,871,872.65
HCLTECH,EQ,3-Feb-16,872.65,866.35,870,848.85,854.05,852.1
HCLTECH,EQ,4-Feb-16,852.1,855.1,874.8,848.95,866.8,867.35
HCLTECH,EQ,5-Feb-16,867.35,877,877,858.35,868.5,869.65
HCLTECH,EQ,8-Feb-16,869.65,866.1,868.95,846,851,849.75
HCLTECH,EQ,9-Feb-16,849.75,843,844,805.95,815,810.45
HCLTECH,EQ,10-Feb-16,810.45,815.5,833,807.6,831.9,827.4
HCLTECH,EQ,11-Feb-16,827.4,827.4,827.4,801.6,806.75,808
HCLTECH,EQ,12-Feb-16,808,814,825.85,784.95,799.5,798.25
HCLTECH,EQ,15-Feb-16,798.25,813,832.5,810.35,825.5,827.1
HCLTECH,EQ,16-Feb-16,827.1,825.1,837.9,819.25,826.7,824.3
HCLTECH,EQ,17-Feb-16,824.3,829.95,835,816.35,826,824.8
HCLTECH,EQ,18-Feb-16,824.8,829.05,847,827.35,842,843.95
HCLTECH,EQ,19-Feb-16,843.95,842,857,828.4,842.5,851.55
HCLTECH,EQ,22-Feb-16,851.55,849.8,849.8,840.1,845.5,845.95
HCLTECH,EQ,23-Feb-16,845.95,845,849,827,828.05,828.95
HCLTECH,EQ,24-Feb-16,828.95,829.6,839,809,811.55,811.05
HCLTECH,EQ,25-Feb-16,811.05,807,815,799.7,813.9,808.75
HCLTECH,EQ,26-Feb-16,808.75,814.35,832,814,826,824.65
HCLTECH,EQ,29-Feb-16,824.65,822,831.65,795,816,813.25
HCLTECH,EQ,1-Mar-16,813.25,813.9,841.4,809,828,832.15
HCLTECH,EQ,2-Mar-16,832.15,837,865,829.35,850.25,854.85
HCLTECH,EQ,3-Mar-16,854.85,865,866.35,851.6,857,859.3
HCLTECH,EQ,4-Mar-16,859.3,860.2,861.1,830.35,838,835.4
HCLTECH,EQ,8-Mar-16,835.4,828,831.95,809.45,812.75,815.25
HCLTECH,EQ,9-Mar-16,815.25,813.95,818,801.35,816,815.65
HCLTECH,EQ,10-Mar-16,815.65,821.8,822.9,806.4,816.1,817.85
HCLTECH,EQ,11-Mar-16,817.85,817,825,812.5,824,823.05
HCLTECH,EQ,14-Mar-16,823.05,823.85,830.4,822,824.5,827.9
HCLTECH,EQ,15-Mar-16,827.9,826,826.95,810.5,811,811.85
HCLTECH,EQ,16-Mar-16,811.85,813.45,816.5,807.5,815.4,814.9
HCLTECH,EQ,17-Mar-16,814.9,820,829,810.55,811.05,815.3
HCLTECH,EQ,18-Mar-16,815.3,816,828.8,815,823,824.15
HCLTECH,EQ,21-Mar-16,824.15,828,828,815.2,824.9,822.55
HCLTECH,EQ,22-Mar-16,822.55,820.75,831,817,827.85,828.45
HCLTECH,EQ,23-Mar-16,828.45,828,830,813.4,817,817.7
HCLTECH,EQ,28-Mar-16,817.7,819.9,826.5,806.45,810.65,810.65
HCLTECH,EQ,29-Mar-16,810.65,814.6,816.2,799.9,807,806.8
HCLTECH,EQ,30-Mar-16,806.8,805.45,822,805.45,821,820.6
HCLTECH,EQ,31-Mar-16,820.6,815,824.5,809.9,813.4,814.1
HCLTECH,EQ,1-Apr-16,814.1,820,824,807,822.5,820.4
HCLTECH,EQ,4-Apr-16,820.4,815,841.95,815,840,839.85
HCLTECH,EQ,5-Apr-16,839.85,839.85,848.9,832.55,841.6,843.25
HCLTECH,EQ,6-Apr-16,843.25,847,847.95,826.1,840.15,838.75
HCLTECH,EQ,7-Apr-16,838.75,846.9,846.9,827,828.1,828.45
HCLTECH,EQ,8-Apr-16,828.45,831.85,836,825.6,834.55,833.1
HCLTECH,EQ,11-Apr-16,833.1,836.45,841.95,824.4,837.45,839.3
HCLTECH,EQ,12-Apr-16,839.3,843,845,831.25,839,839.65
HCLTECH,EQ,13-Apr-16,839.65,844.95,846.5,835.15,836,837.55
HCLTECH,EQ,18-Apr-16,837.55,845.05,860.65,845,852.9,853.3
HCLTECH,EQ,20-Apr-16,853.3,862.5,862.5,835.5,841.9,841.2
HCLTECH,EQ,21-Apr-16,841.2,844,855.35,838.5,846,846.25
HCLTECH,EQ,22-Apr-16,846.25,838.35,852.9,838.35,846,845.15
HCLTECH,EQ,25-Apr-16,845.15,841.25,850,841.25,847.35,845.1
HCLTECH,EQ,26-Apr-16,845.1,839.05,855.4,833.15,850.95,849.8
HCLTECH,EQ,27-Apr-16,849.8,849.5,855.9,831.05,834.85,837.55
HCLTECH,EQ,28-Apr-16,837.55,805,823,796.65,799.3,799.9
HCLTECH,EQ,29-Apr-16,799.9,794,794,747.2,750.25,750.3
HCLTECH,EQ,2-May-16,750.3,750,756.3,740.1,742.5,742.2
HCLTECH,EQ,3-May-16,742.2,747,747.55,726.05,728.1,728.4
HCLTECH,EQ,4-May-16,728.4,727,740.5,726.25,735,737.1
HCLTECH,EQ,5-May-16,737.1,736.8,739.8,725.5,731,732.9
HCLTECH,EQ,6-May-16,732.9,732.95,732.95,721,721.05,722.6
HCLTECH,EQ,9-May-16,722.6,724,733,718.25,719.2,721.4
HCLTECH,EQ,10-May-16,721.4,723.5,724.2,716.1,717.55,718.8
HCLTECH,EQ,11-May-16,718.8,711,716.8,706.4,707.8,708.75
HCLTECH,EQ,12-May-16,708.75,711,718.9,709.5,714.05,714.7
HCLTECH,EQ,13-May-16,714.7,718,727,713,721.5,723.15
HCLTECH,EQ,16-May-16,723.15,725.55,725.6,716.15,718,718.95
HCLTECH,EQ,17-May-16,718.95,720,739,720,731.5,732.3
HCLTECH,EQ,18-May-16,732.3,732,744.6,727,741,742.25
HCLTECH,EQ,19-May-16,742.25,738,744,727.5,728.1,730.1
HCLTECH,EQ,20-May-16,730.1,729,740,729,736.75,736.65
HCLTECH,EQ,23-May-16,736.65,738.35,739.85,732,732.25,733.55
HCLTECH,EQ,24-May-16,733.55,735,741.45,730.05,739.6,739.25
HCLTECH,EQ,25-May-16,739.25,742,750.4,740.15,748.5,749.35
HCLTECH,EQ,26-May-16,749.35,751.05,752,736.65,741.75,740.9
HCLTECH,EQ,27-May-16,740.9,742.6,759.7,742.6,756,757.6
HCLTECH,EQ,30-May-16,757.6,761.1,763.7,745.2,748,747.55
HCLTECH,EQ,31-May-16,747.55,748,753.35,736.35,739.1,739.8
HCLTECH,EQ,1-Jun-16,739.8,744,744.35,731.7,735.8,734.55
HCLTECH,EQ,2-Jun-16,734.55,735,739.6,715.5,721.5,721.35
HCLTECH,EQ,3-Jun-16,721.35,725.3,726.45,720.7,722,721.9
HCLTECH,EQ,6-Jun-16,721.9,722,728.7,715.6,725.25,724.6
HCLTECH,EQ,7-Jun-16,724.6,728,731.45,721.6,727.5,726.7
HCLTECH,EQ,8-Jun-16,726.7,729,745,728.35,744.4,743.5
HCLTECH,EQ,9-Jun-16,743.5,748.7,755.9,744,751.1,753.05
HCLTECH,EQ,10-Jun-16,753.05,750,758,745.95,750,751.05
HCLTECH,EQ,13-Jun-16,751.05,745,756,741.7,754,753.65
HCLTECH,EQ,14-Jun-16,753.65,755,764.95,744.05,750.1,752.4
HCLTECH,EQ,15-Jun-16,752.4,751,757.3,749.95,755.2,755.2
HCLTECH,EQ,16-Jun-16,755.2,752.55,754,742.5,746.4,751.7
HCLTECH,EQ,17-Jun-16,751.7,750,755,747.85,752.15,753.65
HCLTECH,EQ,20-Jun-16,753.65,749.95,781.45,747.85,769.9,770.65
HCLTECH,EQ,21-Jun-16,770.65,768.5,775.8,766.2,770,770.1
HCLTECH,EQ,22-Jun-16,770.1,774,774,766.3,770.05,770.45
HCLTECH,EQ,23-Jun-16,770.45,770,772,762,770.4,769.8
HCLTECH,EQ,24-Jun-16,769.8,743.95,746.7,723.3,742,741.85
HCLTECH,EQ,27-Jun-16,741.85,730.2,749,721,736,735.05
HCLTECH,EQ,28-Jun-16,735.05,729,737.5,711.15,712.85,713.2
HCLTECH,EQ,29-Jun-16,713.2,715.7,729.95,708,728.95,728.45
HCLTECH,EQ,30-Jun-16,728.45,729.2,735.45,726.4,729.7,730.45
HCLTECH,EQ,1-Jul-16,730.45,735,736.8,730,730,731.7
HCLTECH,EQ,4-Jul-16,731.7,735,750,734.05,747.45,748.35
HCLTECH,EQ,5-Jul-16,748.35,748,748,732.2,738.3,738.4
HCLTECH,EQ,7-Jul-16,738.4,741,741,715.75,717.3,717.1
HCLTECH,EQ,8-Jul-16,717.1,715,725.75,715,722.5,721.85
HCLTECH,EQ,11-Jul-16,721.85,722,726.6,715.05,718.25,716.8
HCLTECH,EQ,12-Jul-16,716.8,718,723.3,716.05,722.35,721.35
HCLTECH,EQ,13-Jul-16,721.35,722.5,724,716.6,720,720
HCLTECH,EQ,14-Jul-16,720,721.5,729.9,719.6,729.5,728.25
HCLTECH,EQ,15-Jul-16,728.25,732.9,740,710.25,715.45,717.5
HCLTECH,EQ,18-Jul-16,717.5,722.2,724.7,715,723.7,722.5
HCLTECH,EQ,19-Jul-16,722.5,717.75,731.7,717.75,731,730.15
HCLTECH,EQ,20-Jul-16,730.15,724.9,731.9,716.6,730.9,730
HCLTECH,EQ,21-Jul-16,730,730,730.9,720.15,725,723.55
HCLTECH,EQ,22-Jul-16,723.55,725,730,721.6,729.5,729.2
HCLTECH,EQ,25-Jul-16,729.2,729.5,741,725,740,740.4
HCLTECH,EQ,26-Jul-16,740.4,738.9,747.4,736.25,746.65,745.25
HCLTECH,EQ,27-Jul-16,745.25,747,754.9,742.5,753.4,753.5
HCLTECH,EQ,28-Jul-16,753.5,757.5,758.95,746.1,747,750.8
HCLTECH,EQ,29-Jul-16,750.8,749,758,745.5,752.15,752.95
HCLTECH,EQ,1-Aug-16,752.95,753,791,752.5,778,780.45
HCLTECH,EQ,2-Aug-16,780.45,785.85,804.9,781.15,799.55,800.75
HCLTECH,EQ,3-Aug-16,800.75,857,858.5,816.35,825.7,826.15
HCLTECH,EQ,4-Aug-16,826.15,833,836,820.1,823,823.85
HCLTECH,EQ,5-Aug-16,823.85,824.8,831.45,817.3,820.6,821.75
HCLTECH,EQ,8-Aug-16,821.75,822,829.4,811.6,818,819.1
HCLTECH,EQ,9-Aug-16,819.1,821,824.6,811.05,818.5,816.85
HCLTECH,EQ,10-Aug-16,816.85,816.75,820,805.55,817.95,818.15
HCLTECH,EQ,11-Aug-16,818.15,820,827.45,813.8,825.05,824.55
HCLTECH,EQ,12-Aug-16,824.55,826.05,835.5,807,813.65,814.2
HCLTECH,EQ,16-Aug-16,814.2,813.2,823.8,785.55,796,792.35
HCLTECH,EQ,17-Aug-16,792.35,790,800.85,782,784.55,784.55
HCLTECH,EQ,18-Aug-16,784.55,789.8,792.4,780.1,785,785.8
HCLTECH,EQ,19-Aug-16,785.8,785,794.4,779.6,779.65,781.85
HCLTECH,BT,22-Aug-16,580,783.65,784.05,783.65,-,784.05
HCLTECH,EQ,22-Aug-16,781.85,784.95,787.35,765,769.05,772.25
HCLTECH,EQ,23-Aug-16,772.25,776,795.85,771.6,789,791
HCLTECH,EQ,24-Aug-16,791,795,798.35,781.1,792,790.35
HCLTECH,EQ,25-Aug-16,790.35,798,805,794.05,798,798.05
HCLTECH,EQ,26-Aug-16,798.05,798,800.45,772.8,779,778.75
HCLTECH,EQ,29-Aug-16,778.75,782.95,782.95,751.1,755.1,755.1
HCLTECH,EQ,30-Aug-16,755.1,756,775.75,753.9,771,773.9
HCLTECH,EQ,31-Aug-16,773.9,774,793.45,773.05,778,778.55
HCLTECH,EQ,1-Sep-16,778.55,781.3,789.55,779.1,784,783.8
HCLTECH,EQ,2-Sep-16,783.8,786.95,787.5,779.1,783,784.55
HCLTECH,EQ,6-Sep-16,784.55,780.25,788.3,774.7,786.9,785.6
HCLTECH,EQ,7-Sep-16,785.6,791.9,807,783,784.5,787.1
HCLTECH,EQ,8-Sep-16,787.1,781.5,781.9,750.5,772,773.95
HCLTECH,EQ,9-Sep-16,773.95,774,789.5,773,778,780.55
HCLTECH,EQ,12-Sep-16,780.55,772,792.1,770,780.2,782.7
HCLTECH,EQ,14-Sep-16,782.7,784.65,794.65,775,778.5,776.35
HCLTECH,EQ,15-Sep-16,776.35,782.95,784.5,775,779.1,779
HCLTECH,EQ,16-Sep-16,779,782,790.95,774,784.7,786.35
HCLTECH,EQ,19-Sep-16,786.35,790,798.2,781.9,789,789.05
HCLTECH,EQ,20-Sep-16,789.05,794.95,795.75,784.5,792.5,792.05
HCLTECH,EQ,21-Sep-16,792.05,793.95,798,788.5,788.5,792.6
HCLTECH,EQ,22-Sep-16,792.6,799,799.95,783.8,793,788.85
HCLTECH,EQ,23-Sep-16,788.85,794.65,804,792.4,795,797.25
HCLTECH,EQ,26-Sep-16,797.25,795.05,796.95,785.65,788,788.95
HCLTECH,EQ,27-Sep-16,788.95,788.95,799.8,784,797.15,795.85
HCLTECH,EQ,28-Sep-16,795.85,798,801.9,790,799,796.3
HCLTECH,EQ,29-Sep-16,796.3,799,804.6,781.3,788,791.05
HCLTECH,EQ,30-Sep-16,791.05,797,804,787,800,799.9
HCLTECH,EQ,3-Oct-16,799.9,805,812,794.4,811,808.6
HCLTECH,EQ,4-Oct-16,808.6,812.5,821,810,817.2,818.15
HCLTECH,EQ,5-Oct-16,818.15,818.25,823.25,806.25,815,816
HCLTECH,EQ,6-Oct-16,816,816,816.75,797.2,803.6,801.55
HCLTECH,EQ,7-Oct-16,801.55,802.15,809.45,785.3,806.25,806.55
HCLTECH,EQ,10-Oct-16,806.55,802,815.85,802,813,813
HCLTECH,EQ,13-Oct-16,813,809.8,825.1,790.65,803,803.3
HCLTECH,EQ,14-Oct-16,803.3,804,822.5,799.85,814,812.7
HCLTECH,EQ,17-Oct-16,812.7,817.6,818,803,811.1,808.4
HCLTECH,EQ,18-Oct-16,808.4,812,836.4,812,833.1,834.8
HCLTECH,EQ,19-Oct-16,834.8,834.6,841.65,826,830,830.55
HCLTECH,EQ,20-Oct-16,830.55,829.55,833,812.05,816.4,815.55
HCLTECH,EQ,21-Oct-16,815.55,823,848.7,821.25,830.45,831.75
HCLTECH,EQ,24-Oct-16,831.75,831.25,836.9,808.65,811,810.65
HCLTECH,EQ,25-Oct-16,810.65,806.75,811.5,802.5,803.5,804.55
HCLTECH,EQ,26-Oct-16,804.55,801.7,803.85,787.6,790.7,790.85
HCLTECH,EQ,27-Oct-16,790.85,784.8,786.65,771.3,776.15,774.3
HCLTECH,EQ,28-Oct-16,774.3,774.15,781.2,760,765,763.15
HCLTECH,EQ,30-Oct-16,763.15,770,774,765,767.25,767.75
HCLTECH,EQ,1-Nov-16,767.75,771.8,776.4,767,773.9,772.9
HCLTECH,EQ,2-Nov-16,772.9,765,773,763,764.4,764.3
HCLTECH,EQ,3-Nov-16,764.3,765.9,769.25,760.5,760.5,763.1
HCLTECH,EQ,4-Nov-16,763.1,763,799,763,793,794.75
HCLTECH,EQ,7-Nov-16,794.75,800,827.5,794.9,814,817.2
HCLTECH,EQ,8-Nov-16,817.2,811,815.9,791.25,807.5,809
HCLTECH,EQ,9-Nov-16,809,765,797.75,763.15,789.95,784.85
HCLTECH,EQ,10-Nov-16,784.85,790.05,805.8,776,793,789.65
HCLTECH,EQ,11-Nov-16,789.65,784.85,793,755,766.65,764.1
HCLTECH,EQ,15-Nov-16,764.1,765,787,736,761.5,770.75
HCLTECH,EQ,16-Nov-16,770.75,776,787.95,764.25,770,773.85
HCLTECH,EQ,17-Nov-16,773.85,766,776,756,760.6,760.15
HCLTECH,EQ,18-Nov-16,760.15,757.6,778.95,757.6,761,763.85
HCLTECH,EQ,21-Nov-16,763.85,765,779.5,755.2,759,758.35
HCLTECH,EQ,22-Nov-16,758.35,765,767.5,755.05,762.4,762.1
HCLTECH,EQ,23-Nov-16,762.1,763,768.7,756.45,765.05,763.45
HCLTECH,EQ,24-Nov-16,763.45,765,772.65,753,767.15,767.8
HCLTECH,EQ,25-Nov-16,767.8,771.95,812,770.05,799.25,801.95
HCLTECH,EQ,28-Nov-16,801.95,806,811.15,790.35,805,806.05
HCLTECH,EQ,29-Nov-16,806.05,806,813.7,799.3,808.35,805.3
HCLTECH,EQ,30-Nov-16,805.3,810,810.45,798,805,803.8
HCLTECH,EQ,1-Dec-16,803.8,803.9,806.5,792,804.6,803.1
HCLTECH,EQ,2-Dec-16,803.1,801.7,816.9,790,790.1,793.6
HCLTECH,EQ,5-Dec-16,793.6,789.55,801.45,782.2,797.4,793.4
HCLTECH,EQ,6-Dec-16,793.4,798,801.5,778.4,779.35,780.9
HCLTECH,EQ,7-Dec-16,780.9,786.7,789.1,771.1,788.7,785.35
HCLTECH,EQ,8-Dec-16,785.35,789,797,783,795.4,794.85
HCLTECH,EQ,9-Dec-16,794.85,797,805.9,783.25,802.5,803.3
HCLTECH,EQ,12-Dec-16,803.3,796,803.55,790.65,800.05,799.8
HCLTECH,EQ,13-Dec-16,799.8,801.05,803.9,791.2,801,800.95
HCLTECH,EQ,14-Dec-16,800.95,806.1,824.3,796.25,822,820.8
HCLTECH,EQ,15-Dec-16,820.8,822,840,822,830,832.15
HCLTECH,EQ,16-Dec-16,832.15,835.8,835.8,815.2,820.6,820.6
HCLTECH,EQ,19-Dec-16,820.6,820.6,826.9,815,826,824.7
HCLTECH,EQ,20-Dec-16,824.7,825,834.15,824.35,831.8,830.15
HCLTECH,EQ,21-Dec-16,830.15,835,836.8,816.3,819,820.8
HCLTECH,EQ,22-Dec-16,820.8,818.3,822.9,806,815.2,817.1
HCLTECH,EQ,23-Dec-16,817.1,816,816,791,797.25,793.75
HCLTECH,EQ,26-Dec-16,793.75,791.9,797.8,783.3,788.35,790.4
HCLTECH,EQ,27-Dec-16,790.4,788.9,809.9,787,804,804.85
HCLTECH,EQ,28-Dec-16,804.85,810,817.75,804.15,809.7,807.05
HCLTECH,EQ,29-Dec-16,807.05,807.1,824.9,805.3,823,819.35
HCLTECH,EQ,30-Dec-16,819.35,822,830,814.9,825.2,827.95
HCLTECH,EQ,2-Jan-17,827.95,823,834,822.3,825.75,828.5
HCLTECH,EQ,3-Jan-17,828.5,831,837,823.5,835.05,835.15
HCLTECH,EQ,4-Jan-17,835.15,835.55,860,833.05,859.3,856.95
HCLTECH,EQ,5-Jan-17,856.95,860,869.75,840.1,844.55,844.65
HCLTECH,EQ,6-Jan-17,844.65,835,840.3,806.75,813.5,814.4
HCLTECH,EQ,9-Jan-17,814.4,806.5,840.15,805.95,835.2,838.3
HCLTECH,EQ,10-Jan-17,838.3,842.7,844,834.5,837,837.85
HCLTECH,EQ,11-Jan-17,837.85,839.5,844.5,826.75,830.05,833.25
HCLTECH,EQ,12-Jan-17,833.25,830.05,849.9,830.05,846.05,847.7
HCLTECH,EQ,13-Jan-17,847.7,850.2,857.95,838.6,845.15,850.25
HCLTECH,EQ,16-Jan-17,850.25,847.9,847.9,826.8,828.4,830.55
HCLTECH,EQ,17-Jan-17,830.55,827,843.5,827,835.6,837.75
HCLTECH,EQ,18-Jan-17,837.75,837.5,845.55,836.25,845,844.05
HCLTECH,EQ,19-Jan-17,844.05,844,851.45,837.6,840.15,844.15
HCLTECH,EQ,20-Jan-17,844.15,840,845,833.7,835.25,838.75
HCLTECH,EQ,23-Jan-17,838.75,834,860.5,828,858.75,857.3
HCLTECH,EQ,24-Jan-17,857.3,842,854,826.9,845.2,848.8
HCLTECH,EQ,25-Jan-17,848.8,853,857.3,837.55,838.65,841.25
HCLTECH,EQ,27-Jan-17,841.25,844,849.9,840.65,841.25,844.2
HCLTECH,EQ,30-Jan-17,844.2,831.1,842.4,828.1,840.3,840.25
HCLTECH,EQ,31-Jan-17,840.25,835.25,837.3,787.1,804.7,811.15
HCLTECH,EQ,1-Feb-17,811.15,805,819.5,778.65,812,813.95
HCLTECH,EQ,2-Feb-17,813.95,814,834.1,810.15,822.5,827.15
HCLTECH,EQ,3-Feb-17,827.15,825,835.7,816.85,832,830.75
HCLTECH,EQ,6-Feb-17,830.75,835,836.5,816.6,825,824.1
HCLTECH,EQ,7-Feb-17,824.1,824,827.7,812,814.4,815.7
HCLTECH,EQ,8-Feb-17,815.7,819,819.05,804.75,808.85,808.5
HCLTECH,EQ,9-Feb-17,808.5,810.95,822.3,802.05,819.8,819.7
HCLTECH,EQ,10-Feb-17,819.7,822.1,830,812.3,829.9,828.4
HCLTECH,EQ,13-Feb-17,828.4,831,833.65,821,825.9,827.3
HCLTECH,EQ,14-Feb-17,827.3,829.2,834.45,824.5,831.95,832
HCLTECH,EQ,15-Feb-17,832,832,838.6,822.6,830.5,830.3
HCLTECH,EQ,16-Feb-17,830.3,827.25,846.9,827.25,844.75,845
HCLTECH,EQ,17-Feb-17,845,850,850,831.1,839.05,839.25
HCLTECH,EQ,20-Feb-17,839.25,842,847,837.25,846.8,844
HCLTECH,EQ,21-Feb-17,844,844.1,862.5,844.1,849,851.3
HCLTECH,EQ,22-Feb-17,851.3,852.3,865,830.55,833.05,834.2
HCLTECH,EQ,23-Feb-17,834.2,835,851,835,839.9,842.85
HCLTECH,EQ,27-Feb-17,842.85,844.9,851.35,836.05,840.8,839.95
HCLTECH,EQ,28-Feb-17,839.95,844,846,835.85,839.5,840.1
HCLTECH,EQ,1-Mar-17,840.1,843,851,839.55,846.6,849.1
HCLTECH,EQ,2-Mar-17,849.1,850,853.5,839.3,839.3,843.75
HCLTECH,EQ,3-Mar-17,843.75,844,854.8,835.15,850.4,852.9
HCLTECH,EQ,6-Mar-17,852.9,850.7,867.7,846.1,854,855.55
HCLTECH,EQ,7-Mar-17,855.55,861.7,861.7,852.2,856,857.35
HCLTECH,EQ,8-Mar-17,857.35,857,858,844.25,847.3,847.7
HCLTECH,EQ,9-Mar-17,847.7,854,854,842.35,845,844.35
HCLTECH,EQ,10-Mar-17,844.35,849.35,858,840.9,846,846.35
HCLTECH,EQ,14-Mar-17,846.35,865,865,850,852,853.6
HCLTECH,EQ,15-Mar-17,853.6,850.5,855.9,837.25,841.15,842.9
HCLTECH,EQ,16-Mar-17,842.9,860.8,863.9,849.6,857,855.4
HCLTECH,EQ,17-Mar-17,855.4,857.25,871,853,866.05,865.75
HCLTECH,EQ,20-Mar-17,865.75,871.95,879,861.15,864,864.35
HCLTECH,EQ,21-Mar-17,864.35,865,874.4,851.95,859.5,859.3
HCLTECH,EQ,22-Mar-17,859.3,850.7,874.7,848.5,870,872.75
HCLTECH,EQ,23-Mar-17,872.75,871.05,880,868.95,876,876.65
HCLTECH,EQ,24-Mar-17,876.65,872.3,876.5,871.15,873.5,873.05
HCLTECH,EQ,27-Mar-17,873.05,868,873.2,847.05,851.65,852.15
HCLTECH,EQ,28-Mar-17,852.15,855.55,870.75,852.15,860,859.9
HCLTECH,EQ,29-Mar-17,859.9,865.4,879.5,859.6,874,877.6
HCLTECH,EQ,30-Mar-17,877.6,870,881.7,865.05,870,875.85
HCLTECH,EQ,31-Mar-17,875.85,884,890.15,867,876,874.75
HCLTECH,EQ,3-Apr-17,874.75,874.1,878.25,858.5,864.9,866.25
HCLTECH,EQ,5-Apr-17,866.25,869,869,846.4,848,850.5
HCLTECH,EQ,6-Apr-17,850.5,848,856.55,847,852,853.5
HCLTECH,EQ,7-Apr-17,853.5,853.9,858.6,846.9,849.75,849.3
HCLTECH,EQ,10-Apr-17,849.3,849,857.5,831,833.25,833.05
HCLTECH,EQ,11-Apr-17,833.05,835,838,826,835,833.8
HCLTECH,EQ,12-Apr-17,833.8,831.35,834.95,827,830.2,831.65
HCLTECH,EQ,13-Apr-17,831.65,832.5,832.5,805.4,812.05,809.1
HCLTECH,EQ,17-Apr-17,809.1,800.15,817.5,800.15,810.5,810.8
HCLTECH,EQ,18-Apr-17,810.8,812,819.95,804,804.9,808.05
HCLTECH,EQ,19-Apr-17,808.05,806.5,819.55,803.95,809,808.6
HCLTECH,EQ,20-Apr-17,808.6,810.75,815.9,808.6,814.5,814.9
HCLTECH,EQ,21-Apr-17,814.9,817,821.45,807.8,811,812.75
HCLTECH,EQ,24-Apr-17,812.75,813,824,809.25,819.25,819.55
HCLTECH,EQ,25-Apr-17,819.55,824,825.85,813.6,818,819.95
HCLTECH,EQ,26-Apr-17,819.95,821.9,822,796.55,801,800.25
HCLTECH,EQ,27-Apr-17,800.25,797,820,796.2,809.95,809.7
HCLTECH,EQ,28-Apr-17,809.7,812.9,820,799.75,816.15,814.1
HCLTECH,EQ,2-May-17,814.1,816.15,825.45,811.7,822.1,822.05
HCLTECH,EQ,3-May-17,822.05,824.95,837.5,821,836,835.1
HCLTECH,EQ,4-May-17,835.1,836.1,842.6,808.15,815.85,818
HCLTECH,EQ,5-May-17,818,820.95,832,814.3,828,829.6
HCLTECH,EQ,8-May-17,829.6,829.85,845,825.7,842,840.2
HCLTECH,EQ,9-May-17,840.2,845,854.85,839.95,849,849.75
HCLTECH,EQ,10-May-17,849.75,848.75,850.9,838.1,841.1,843.6
HCLTECH,EQ,11-May-17,843.6,857.8,858.8,835.6,841.45,838.7
HCLTECH,EQ,12-May-17,838.7,840,848.2,839.05,847.5,847.65
HCLTECH,EQ,15-May-17,847.65,848.5,850,845,847.05,848.55
HCLTECH,EQ,16-May-17,848.55,850,856.1,848.05,849.45,849.6
HCLTECH,EQ,17-May-17,849.6,852,855.3,842.2,853.95,853.55
HCLTECH,EQ,18-May-17,853.55,850.85,872.25,844.25,845.65,848.4
HCLTECH,EQ,19-May-17,848.4,853,854.5,844.1,845,844.7
HCLTECH,EQ,22-May-17,844.7,850,862.25,848,859,857.45
HCLTECH,EQ,23-May-17,857.45,863,870.8,859.15,864.85,864.9
HCLTECH,EQ,24-May-17,864.9,854.9,857.95,840,852.25,854.85
HCLTECH,EQ,25-May-17,854.85,860.25,867.5,852.6,859,859.6
HCLTECH,EQ,26-May-17,859.6,857.7,866,855.45,858.05,859.1
HCLTECH,EQ,29-May-17,859.1,858.9,872,851.45,864.9,864.45
HCLTECH,EQ,30-May-17,864.45,864.45,871.95,852.95,870,868.15
HCLTECH,EQ,31-May-17,868.15,864.1,869.3,858.25,860,864.25
HCLTECH,EQ,1-Jun-17,864.25,863,871,859.15,863,862.25
HCLTECH,EQ,2-Jun-17,862.25,862.8,869.7,853.7,857,857.9
HCLTECH,EQ,5-Jun-17,857.9,856,866.9,856,858,858.7
HCLTECH,EQ,6-Jun-17,858.7,875.5,909.6,866.1,887.65,889.45
HCLTECH,EQ,7-Jun-17,889.45,893.35,894.9,864.55,879,880.5
HCLTECH,EQ,8-Jun-17,880.5,880,880.4,865,866,868.35
HCLTECH,EQ,9-Jun-17,868.35,866.55,872.9,856.6,859.2,860.75
HCLTECH,EQ,12-Jun-17,860.75,862.8,868.65,852.05,867.4,865.55
HCLTECH,EQ,13-Jun-17,865.55,862,864.9,842.3,846,847.15
HCLTECH,EQ,14-Jun-17,847.15,849.5,856.05,841,852.6,853.65
HCLTECH,EQ,15-Jun-17,853.65,853,853,841.5,845.7,844.4
HCLTECH,EQ,16-Jun-17,844.4,842,847,835,836.65,839
HCLTECH,EQ,19-Jun-17,839,839.5,845.9,830.3,845.2,842.5
HCLTECH,EQ,20-Jun-17,842.5,845,855.05,843,854.15,854.25
HCLTECH,EQ,21-Jun-17,854.25,854,854,838.1,843,843.45
HCLTECH,EQ,22-Jun-17,843.45,849,854,836.2,847.15,849.15
HCLTECH,EQ,23-Jun-17,849.15,850,858,842.35,851,851.85
HCLTECH,EQ,27-Jun-17,851.85,852,859,833.2,836,840.2
HCLTECH,EQ,28-Jun-17,840.2,838.5,857.25,833.3,846.05,848.4
HCLTECH,EQ,29-Jun-17,848.4,851.9,857,842.5,849.5,847.6
HCLTECH,EQ,30-Jun-17,847.6,848.45,855.95,838.4,851.4,850.9
HCLTECH,EQ,3-Jul-17,850.9,852,853.95,832.3,839.8,838.15
HCLTECH,EQ,4-Jul-17,838.15,848.4,849.95,838,841.1,841.55
HCLTECH,EQ,5-Jul-17,841.55,839,841.2,835.1,838,837.5
HCLTECH,EQ,6-Jul-17,837.5,840,842.4,835.7,840.55,840.65
HCLTECH,EQ,7-Jul-17,840.65,840.5,840.5,828.8,832,831.9
HCLTECH,EQ,10-Jul-17,831.9,834,856.85,830.1,848.55,849.65
HCLTECH,EQ,11-Jul-17,849.65,845.65,869,845.65,850,850.65
HCLTECH,EQ,12-Jul-17,850.65,850.1,858.5,846.05,856.05,854
HCLTECH,EQ,13-Jul-17,854,856.1,863.9,855.5,859.5,858.6
HCLTECH,EQ,14-Jul-17,858.6,860,860.4,845.05,850,850.35
HCLTECH,EQ,17-Jul-17,850.35,849,870,843.9,868.95,868.1
HCLTECH,EQ,18-Jul-17,868.1,869.1,884.3,868.35,880.25,880.7
HCLTECH,EQ,19-Jul-17,880.7,885,899.6,885,898.7,895.4
HCLTECH,EQ,20-Jul-17,895.4,899,899,882.4,884,885.65
HCLTECH,EQ,21-Jul-17,885.65,884,908,884,902.6,904.95
HCLTECH,EQ,24-Jul-17,904.95,904.95,912,901.2,902.2,907.4
HCLTECH,EQ,25-Jul-17,907.4,902,904.9,886,897,895.05
HCLTECH,EQ,26-Jul-17,895.05,893,903.5,884,888,892.7
HCLTECH,EQ,27-Jul-17,892.7,903,928,885.35,899,890.25
HCLTECH,EQ,28-Jul-17,890.25,888,896.9,841,891,893.1
HCLTECH,EQ,31-Jul-17,893.1,888,898,878.45,890.6,892.9
HCLTECH,EQ,1-Aug-17,892.9,889,898,878,888,884.2
HCLTECH,EQ,2-Aug-17,884.2,888,893,876.9,881,882
HCLTECH,EQ,3-Aug-17,882,882.2,884.4,870.95,875.3,875.75
HCLTECH,EQ,4-Aug-17,875.75,875,894.5,873.1,888.8,890.65
HCLTECH,EQ,7-Aug-17,890.65,890,894.7,881.4,886,886
HCLTECH,EQ,8-Aug-17,886,882.6,885.4,876.1,882.5,882
HCLTECH,EQ,9-Aug-17,882,871,884.65,871,879.45,878.75
HCLTECH,EQ,10-Aug-17,878.75,873.05,886,870.8,886,882.9
HCLTECH,EQ,11-Aug-17,882.9,878.1,889.2,864.55,871,872.3
HCLTECH,EQ,14-Aug-17,872.3,873,878.4,856.05,862,860.1
HCLTECH,EQ,16-Aug-17,860.1,864,868.65,851,866.9,864.5
HCLTECH,EQ,17-Aug-17,864.5,872.4,875.1,860.75,873.35,871.4
HCLTECH,EQ,18-Aug-17,871.4,873.85,884.7,863.55,876,876.25
HCLTECH,EQ,21-Aug-17,876.25,877.75,885,870.2,871.5,874.05
HCLTECH,EQ,22-Aug-17,874.05,881,886.25,873.3,877.3,875.85
HCLTECH,EQ,23-Aug-17,875.85,877.9,882.95,863,882.5,880
HCLTECH,EQ,24-Aug-17,880,884,884,866,866.2,867.5
HCLTECH,EQ,28-Aug-17,867.5,868.3,874.55,857.85,869.7,867.65
HCLTECH,EQ,29-Aug-17,867.65,868,869.6,850,851.15,852.55
HCLTECH,EQ,30-Aug-17,852.55,857,858,843.25,852,849.2
HCLTECH,EQ,31-Aug-17,849.2,850,870.4,840.2,855,865.3
HCLTECH,EQ,1-Sep-17,865.3,863.6,885,855,867.65,865.75
HCLTECH,EQ,4-Sep-17,865.75,873.9,873.9,857,857.5,860.6
HCLTECH,EQ,5-Sep-17,860.6,858,862.5,848.4,860,859.9
HCLTECH,EQ,6-Sep-17,859.9,863,872,846.2,852,851.05
HCLTECH,EQ,7-Sep-17,851.05,857.4,863.7,851.25,858.05,859.3
HCLTECH,EQ,8-Sep-17,859.3,866.9,869.5,856.1,859.8,859.5
HCLTECH,EQ,11-Sep-17,859.5,862,867.3,852,862.45,860.7
HCLTECH,EQ,12-Sep-17,860.7,867,867,856.15,862,864.05
HCLTECH,EQ,13-Sep-17,864.05,864,875,861.7,874.1,871.3
HCLTECH,EQ,14-Sep-17,871.3,876,882.05,871.3,881.1,880.8
HCLTECH,EQ,15-Sep-17,880.8,881.8,893.35,868.3,891,887.05
HCLTECH,EQ,18-Sep-17,887.05,890,898.5,889,896.3,897.35
HCLTECH,EQ,19-Sep-17,897.35,898,898,889.25,892,893.65
HCLTECH,EQ,20-Sep-17,893.65,895,896.65,885,890,889.45
HCLTECH,EQ,21-Sep-17,889.45,890.8,894,869.05,871.95,870.3
HCLTECH,EQ,22-Sep-17,870.3,870,890,869.6,882.9,884.45
HCLTECH,EQ,25-Sep-17,884.45,880,884,870.1,874,874.05
HCLTECH,EQ,26-Sep-17,874.05,878.9,886.9,864.3,871.9,873.65
HCLTECH,EQ,27-Sep-17,873.65,875.95,880.95,872.1,873,874.65
HCLTECH,EQ,28-Sep-17,874.65,874.65,880.75,861.65,880,875.2
HCLTECH,EQ,29-Sep-17,875.2,877,886.25,866.7,871,874.8
HCLTECH,EQ,3-Oct-17,874.8,878.45,887.45,876.75,884,882.55
HCLTECH,EQ,4-Oct-17,882.55,883.9,888.45,878,886.05,886.6
HCLTECH,EQ,5-Oct-17,886.6,888,901.7,885.15,894,893.15
HCLTECH,EQ,6-Oct-17,893.15,887.8,909,887.8,904.95,907.9
HCLTECH,EQ,9-Oct-17,907.9,907.75,907.75,897.45,902,902.8
HCLTECH,EQ,10-Oct-17,902.8,905,917,897.1,899.1,899.6
HCLTECH,EQ,11-Oct-17,899.6,899.5,916,899.5,909.95,908.95
HCLTECH,EQ,12-Oct-17,908.95,912,920,906.3,917,916
HCLTECH,EQ,13-Oct-17,916,919.75,936,913.9,929.3,926.5
HCLTECH,EQ,16-Oct-17,926.5,926.5,932.9,920,923.7,923
HCLTECH,EQ,17-Oct-17,923,918.3,933.85,918.3,923,923.3
HCLTECH,EQ,18-Oct-17,923.3,926,931,917.8,923,923.7
HCLTECH,EQ,19-Oct-17,923.7,916.6,926,916.6,924,922.3
HCLTECH,EQ,23-Oct-17,922.3,922.8,943.8,922.1,940,937.25
HCLTECH,EQ,24-Oct-17,937.25,939,939.5,908.05,912.9,914.55
HCLTECH,EQ,25-Oct-17,914.55,894.4,924,876,903.15,907.05
HCLTECH,EQ,26-Oct-17,907.05,906.75,910,858,865,869.05
HCLTECH,EQ,27-Oct-17,869.05,870.05,871.8,852.25,856.95,854.95
HCLTECH,EQ,30-Oct-17,854.95,860,863.45,832,838.75,836.35
HCLTECH,EQ,31-Oct-17,836.35,840,860.65,837,855.3,855.8
HCLTECH,EQ,1-Nov-17,855.8,860,860.65,838,841,840.65
HCLTECH,EQ,2-Nov-17,840.65,844.4,860,841.15,858.05,857.9
HCLTECH,EQ,3-Nov-17,857.9,860,860,844.95,848.2,847.15
HCLTECH,EQ,6-Nov-17,847.15,852,855.25,837.6,843.95,845.05
HCLTECH,EQ,7-Nov-17,845.05,850,880,844.3,877,876.75
HCLTECH,EQ,8-Nov-17,876.75,882,884.75,865.35,877.35,878.6
HCLTECH,EQ,9-Nov-17,878.6,879.5,888.45,872.45,878,875.95
HCLTECH,EQ,10-Nov-17,875.95,880.95,880.95,862.7,868.8,867.05
HCLTECH,EQ,13-Nov-17,867.05,864.5,878.4,864.5,870,869.5
HCLTECH,EQ,14-Nov-17,869.5,868,884.85,866.1,869.5,869.8
HCLTECH,EQ,15-Nov-17,869.8,877,877,846,848,848.35
HCLTECH,EQ,16-Nov-17,848.35,849.7,858.7,838.7,853,851.9
HCLTECH,EQ,17-Nov-17,851.9,848.9,856.2,838.5,840.2,840
HCLTECH,EQ,20-Nov-17,840,843,848.45,836.9,842.75,842.15
HCLTECH,EQ,21-Nov-17,842.15,843.1,846.2,835.1,840,837.7
HCLTECH,EQ,22-Nov-17,837.7,838.55,844.3,834.4,841,842.15
HCLTECH,EQ,23-Nov-17,842.15,848,856,842.2,853,853.7
HCLTECH,EQ,24-Nov-17,853.7,855,863.5,855,860,858.4
HCLTECH,EQ,27-Nov-17,858.4,857.5,863,853.1,862.1,860.7
HCLTECH,EQ,28-Nov-17,860.7,861,864.05,856.8,858,859.25
HCLTECH,EQ,29-Nov-17,859.25,860,862.95,846.15,850,853.15
HCLTECH,EQ,30-Nov-17,853.15,850,857.9,842.3,846.1,848
HCLTECH,EQ,1-Dec-17,848,847,849.95,827.1,832.15,830
HCLTECH,EQ,4-Dec-17,830,836,849.7,824.85,848.9,847.95
HCLTECH,EQ,5-Dec-17,847.95,847.9,852.9,839.1,843.5,848
HCLTECH,EQ,6-Dec-17,848,845.5,860.15,845,856.05,858.6
HCLTECH,EQ,7-Dec-17,858.6,860.15,867,853.6,865.3,863.5
HCLTECH,EQ,8-Dec-17,863.5,869.7,872.8,863.4,870.9,870.45
HCLTECH,EQ,11-Dec-17,870.45,874.5,882,871.75,881,880
HCLTECH,EQ,12-Dec-17,880,881,881.8,870.25,873.95,875.2
HCLTECH,EQ,13-Dec-17,875.2,870,873.55,863.05,866.2,866.35
HCLTECH,EQ,14-Dec-17,866.35,863,885.05,862.2,883.95,882.85
HCLTECH,EQ,15-Dec-17,882.85,888.9,896.45,885,891.85,891.8
HCLTECH,EQ,18-Dec-17,891.8,888.1,891.75,875.75,880.65,885
HCLTECH,EQ,19-Dec-17,885,889,889,865,872,869.45
HCLTECH,EQ,20-Dec-17,869.45,870,875,864,870.25,869.85
HCLTECH,EQ,21-Dec-17,869.85,874,892,871.45,888,890.25
HCLTECH,EQ,22-Dec-17,890.25,891,892.9,878.1,885,886.9
HCLTECH,EQ,26-Dec-17,886.9,882.1,893.3,882.05,886.05,888.45
HCLTECH,EQ,27-Dec-17,888.45,886,891.6,880.55,882,883.65
HCLTECH,EQ,28-Dec-17,883.65,882,890.85,875.6,877.85,878.3
HCLTECH,EQ,29-Dec-17,878.3,878.3,901.75,875,895.95,890.5
HCLTECH,EQ,1-Jan-18,890.5,889,890.7,875.95,876.9,878.7
HCLTECH,EQ,2-Jan-18,878.7,876.9,895,876.85,894,892.8
HCLTECH,EQ,3-Jan-18,892.8,893,907.8,893,896,897.3
HCLTECH,EQ,4-Jan-18,897.3,896,899.45,883.05,893.15,893.1
HCLTECH,EQ,5-Jan-18,893.1,888.25,903,882.3,899.5,900.05
HCLTECH,EQ,8-Jan-18,900.05,900.15,903.4,895.1,896.15,900.5
HCLTECH,EQ,9-Jan-18,900.5,900.5,902.85,885,893.7,893.85
HCLTECH,EQ,10-Jan-18,893.85,892,918,891.1,915.9,915.85
HCLTECH,EQ,11-Jan-18,915.85,919,924.9,910.05,914,916.9
HCLTECH,EQ,12-Jan-18,916.9,918.5,928,912.25,926.75,925.9
HCLTECH,EQ,15-Jan-18,925.9,925,931.1,905.5,909.85,909.25
HCLTECH,EQ,16-Jan-18,909.25,914.1,955,910,949.3,949.25
HCLTECH,EQ,17-Jan-18,949.25,950,963.6,943.3,955,952.85
HCLTECH,EQ,18-Jan-18,952.85,953,959.65,940.5,957.25,954.25
HCLTECH,EQ,19-Jan-18,954.25,957,967,946.15,958.3,958.3
HCLTECH,EQ,22-Jan-18,958.3,960,974.9,945,972,966.35
HCLTECH,EQ,23-Jan-18,966.35,969.95,1000,968.55,994.9,995.35
HCLTECH,EQ,24-Jan-18,995.35,994,1040.7,992,1020,1018.45
HCLTECH,EQ,25-Jan-18,1018.45,1018.8,1020,990.05,1020,1009.55
HCLTECH,EQ,29-Jan-18,1009.55,1010,1021,1005.05,1005.75,1012.05
HCLTECH,EQ,30-Jan-18,1012.05,1017.5,1017.5,998,1000,1000.4
HCLTECH,EQ,31-Jan-18,1000.4,999.95,1017.9,981.7,984.05,986.55
HCLTECH,EQ,1-Feb-18,986.55,982.1,1014.95,969,991.85,984.9
HCLTECH,EQ,2-Feb-18,984.9,980,1007.7,977.85,991.25,990.9
HCLTECH,EQ,5-Feb-18,990.9,990,1001.8,980,992.3,993.15
HCLTECH,EQ,6-Feb-18,993.15,964.95,968.75,948.05,952.3,953.85
HCLTECH,EQ,7-Feb-18,953.85,958.2,959,922,938.25,938.55
HCLTECH,EQ,8-Feb-18,938.55,945.75,963,937.5,942.3,944.35
HCLTECH,EQ,9-Feb-18,944.35,935,970.6,922.55,965.5,964
HCLTECH,EQ,12-Feb-18,964,965.5,972.75,937.35,940,939.15
HCLTECH,EQ,14-Feb-18,939.15,939.8,959.8,930.3,934,937.8
HCLTECH,EQ,15-Feb-18,937.8,944,949.65,932,941,939.7
HCLTECH,EQ,16-Feb-18,939.7,945,970.95,931,933,937.1
HCLTECH,EQ,19-Feb-18,937.1,937.85,939.7,900.1,914,914.2
HCLTECH,EQ,20-Feb-18,914.2,916,925.2,905,908.05,907.45
HCLTECH,EQ,21-Feb-18,907.45,918,947.8,912,945,942.9
HCLTECH,EQ,22-Feb-18,942.9,943,963,931.55,945.05,941
HCLTECH,EQ,23-Feb-18,941,948.9,967.9,942.9,953,955.6
HCLTECH,EQ,26-Feb-18,955.6,955.9,965.1,943.05,948.95,946.05
HCLTECH,EQ,27-Feb-18,946.05,953,958.6,944,952,949.9
HCLTECH,EQ,28-Feb-18,949.9,954.9,958.35,935.8,941,940.3
HCLTECH,EQ,1-Mar-18,940.3,943.8,952.45,938,942.3,942.8
HCLTECH,EQ,5-Mar-18,942.8,942.8,944.65,917.8,937.9,932.1
HCLTECH,EQ,6-Mar-18,932.1,938,953,926.5,931,932.8
HCLTECH,EQ,7-Mar-18,932.8,938,952.8,933.8,950,949.55
HCLTECH,EQ,8-Mar-18,949.55,953,964,945.55,949.5,950.65
HCLTECH,EQ,9-Mar-18,950.65,950,955.85,940,945.3,943
HCLTECH,EQ,12-Mar-18,943,950,976,949,967.5,967.65
HCLTECH,EQ,13-Mar-18,967.65,967.65,969,945.6,960,957
HCLTECH,EQ,14-Mar-18,957,962,968.15,960,965,965.05
HCLTECH,EQ,15-Mar-18,965.05,968,972.6,955.25,957.15,959.15
HCLTECH,EQ,16-Mar-18,959.15,960,979.55,947.05,962.2,967.6
HCLTECH,EQ,19-Mar-18,967.6,962.7,963.6,921,923,926.5
HCLTECH,EQ,20-Mar-18,926.5,925,947.75,915.6,940.85,937.2
HCLTECH,EQ,21-Mar-18,937.2,945,949.9,926.45,940.1,937.35
HCLTECH,EQ,22-Mar-18,937.35,941,948.9,925,927,930.55
HCLTECH,EQ,23-Mar-18,930.55,905,960.55,903.55,956.6,957.4
HCLTECH,EQ,26-Mar-18,957.4,957.2,971,945,966.6,967.05
HCLTECH,EQ,27-Mar-18,967.05,975,978.9,954.5,970.05,972.05
HCLTECH,EQ,28-Mar-18,972.05,961.55,981.6,955.05,966.3,968.6
HCLTECH,EQ,2-Apr-18,968.6,966.3,984.9,964.8,983.7,979.5
HCLTECH,EQ,3-Apr-18,979.5,972.5,989,963.05,968.5,969.25
HCLTECH,EQ,4-Apr-18,969.25,981,981.25,949.5,959.25,959.25
HCLTECH,EQ,5-Apr-18,959.25,970,984.2,956.55,962.95,962.05
HCLTECH,EQ,6-Apr-18,962.05,972,972,950.6,952.55,952.65
HCLTECH,EQ,9-Apr-18,952.65,954.3,962.65,948,953,953.25
HCLTECH,EQ,10-Apr-18,953.25,953.1,961.95,943.55,951,948.45
HCLTECH,EQ,11-Apr-18,948.45,955,977.7,951.35,969.35,967.3
HCLTECH,EQ,12-Apr-18,967.3,967.95,1013,967.3,1007,1010.05
HCLTECH,EQ,13-Apr-18,1010.05,1014.5,1020,988.25,989.7,991.25
HCLTECH,EQ,16-Apr-18,991.25,979,1006.75,976.1,997.05,999.9
HCLTECH,EQ,17-Apr-18,999.9,997.05,1016,997.05,1011.9,1011
HCLTECH,EQ,18-Apr-18,1011,1014.9,1015.8,993,999.35,996.85
HCLTECH,EQ,19-Apr-18,996.85,1005,1021.5,999,1018.4,1018.55
HCLTECH,EQ,20-Apr-18,1018.55,1020,1074.2,1019.9,1057,1062.35
HCLTECH,EQ,23-Apr-18,1062.35,1062,1108,1055,1081,1088
HCLTECH,EQ,24-Apr-18,1088,1084.9,1099.75,1058.1,1062.2,1061.95
HCLTECH,EQ,25-Apr-18,1061.95,1061.85,1081.5,1046,1070,1068.8
HCLTECH,EQ,26-Apr-18,1068.8,1056,1088.35,1051.65,1074.65,1077.3
HCLTECH,EQ,27-Apr-18,1077.3,1077,1090.65,1035,1041.1,1041.65
HCLTECH,EQ,30-Apr-18,1041.65,1048.9,1079,1045.05,1053,1052.75
HCLTECH,EQ,2-May-18,1052.75,1050,1051.95,995.5,1005.35,1000.5
HCLTECH,EQ,3-May-18,1000.5,997,997,920,921,925.7
HCLTECH,EQ,4-May-18,925.7,922.95,944,907.7,927.55,929.85
HCLTECH,EQ,7-May-18,929.85,936.8,940.65,921.05,929.3,928.2
HCLTECH,EQ,8-May-18,928.2,930.2,933,907.1,920,920.1
HCLTECH,EQ,9-May-18,920.1,924,936.65,920.8,928.4,927.5
HCLTECH,EQ,10-May-18,927.5,932.9,937.9,926.1,930.7,930.2
HCLTECH,EQ,11-May-18,930.2,931.2,938.25,931.1,932.7,932.85
HCLTECH,EQ,14-May-18,932.85,937.4,937.4,920.45,925,925.3
HCLTECH,EQ,15-May-18,925.3,920.3,932.7,911.55,923.9,925
HCLTECH,EQ,16-May-18,925,922.5,930.9,916.5,919.1,920.25
HCLTECH,EQ,17-May-18,920.25,926.9,926.9,904.7,907.9,909.75
HCLTECH,EQ,18-May-18,909.75,905,918,887.1,892,890.7
HCLTECH,EQ,21-May-18,890.7,892,900.55,887,897,895.95
HCLTECH,EQ,22-May-18,895.95,890.35,911.7,889.55,904.4,904.9
HCLTECH,EQ,23-May-18,904.9,905,918.4,891.85,897,894.35
HCLTECH,EQ,24-May-18,894.35,905.95,917.9,900.2,913,911.7
HCLTECH,EQ,25-May-18,911.7,917.9,923.85,912,916,916
HCLTECH,EQ,28-May-18,916,916,917,891,897,894.5
HCLTECH,EQ,29-May-18,894.5,899,909.5,895,909,905.1
HCLTECH,EQ,30-May-18,905.1,907,911.8,897.6,910.5,907.35
HCLTECH,EQ,31-May-18,907.35,908,914.8,901.05,907.9,910.35
HCLTECH,EQ,1-Jun-18,910.35,910,923.9,900,904.4,904.85
HCLTECH,EQ,4-Jun-18,904.85,907,916.9,899.15,900.65,900.7
HCLTECH,EQ,5-Jun-18,900.7,905.95,910.2,880.05,887.3,885.05
HCLTECH,EQ,6-Jun-18,885.05,891.95,917.8,890,905,908.95
HCLTECH,EQ,7-Jun-18,908.95,905,926,905,921.1,921.35
HCLTECH,EQ,8-Jun-18,921.35,921,935.9,917.85,929.85,928.7
HCLTECH,EQ,11-Jun-18,928.7,933,942.5,907.75,909.95,911.6
HCLTECH,EQ,12-Jun-18,911.6,912.95,924,911.65,916.25,914.8
HCLTECH,EQ,13-Jun-18,914.8,920,925.8,914.05,924.9,923.7
HCLTECH,EQ,14-Jun-18,923.7,928,940,921.05,936,936.95
HCLTECH,EQ,15-Jun-18,936.95,936.95,954,931.05,947.95,948.3
HCLTECH,EQ,18-Jun-18,948.3,954.5,957.35,931.25,934.15,933.2
HCLTECH,EQ,19-Jun-18,933.2,932.9,940.55,915.4,919.2,920.45
HCLTECH,EQ,20-Jun-18,920.45,921,928.75,906.4,908.45,910.95
HCLTECH,EQ,21-Jun-18,910.95,912.1,917,899.1,900.95,902.55
HCLTECH,EQ,22-Jun-18,902.55,907.05,921.8,901.85,905.45,904.8
HCLTECH,EQ,25-Jun-18,904.8,904.9,917.5,904,908,908.9
HCLTECH,EQ,26-Jun-18,908.9,909,915.5,906.6,912.7,910.4
HCLTECH,EQ,27-Jun-18,910.4,912.2,925,910.3,922,921.05
HCLTECH,EQ,28-Jun-18,921.05,926.45,929.95,904.9,911.3,909.6
HCLTECH,EQ,29-Jun-18,909.6,914.1,928.75,913.35,926.9,926.25
HCLTECH,EQ,2-Jul-18,926.25,927,932.45,920.85,925.9,926.1
HCLTECH,EQ,3-Jul-18,926.1,930,939.9,917.15,937.5,937.5
HCLTECH,EQ,4-Jul-18,937.5,936.95,938.5,924,926.8,925.65
HCLTECH,EQ,5-Jul-18,925.65,928.1,935.5,921,931,931.05
HCLTECH,EQ,6-Jul-18,931.05,935,949.55,923,942.3,943.9
HCLTECH,EQ,9-Jul-18,943.9,949,965,945.9,963,961.55
HCLTECH,EQ,10-Jul-18,961.55,995,995,975.05,980,979.55
HCLTECH,EQ,11-Jul-18,979.55,983.7,1001.1,979.15,990,993.45
HCLTECH,EQ,12-Jul-18,993.45,1005.95,1019.8,1002,1010,1006.05
HCLTECH,EQ,13-Jul-18,1006.05,997,997.8,976,983.1,983.35
HCLTECH,EQ,16-Jul-18,983.35,985,990.9,970.2,975.4,972.1
HCLTECH,EQ,17-Jul-18,972.1,977.2,984,969,983.8,980.3
HCLTECH,EQ,18-Jul-18,980.3,985.9,996.8,984.05,990,989.9
HCLTECH,EQ,19-Jul-18,989.9,990,994.5,976.5,981.7,982.1
HCLTECH,EQ,20-Jul-18,982.1,983.6,1004.5,980.55,998,999.2
HCLTECH,EQ,23-Jul-18,999.2,1003,1010.95,991.1,1004,1004.85
HCLTECH,EQ,24-Jul-18,1004.85,1001.5,1009,989.15,989.4,991.6
HCLTECH,EQ,25-Jul-18,991.6,993,993.5,960,965,964.3
HCLTECH,EQ,26-Jul-18,964.3,964.3,967.95,945.05,957,952.6
HCLTECH,EQ,27-Jul-18,952.6,959,969.7,950.5,963.4,963.45
HCLTECH,EQ,30-Jul-18,963.45,973,981.15,943.1,947.95,947.15
HCLTECH,EQ,31-Jul-18,947.15,950.35,966.5,947.35,964.6,965.1
HCLTECH,EQ,1-Aug-18,965.1,968,980,965,977,978.65
HCLTECH,EQ,2-Aug-18,978.65,976,984,958.55,963,960.5
HCLTECH,EQ,3-Aug-18,960.5,966.05,969.9,957.45,964,963.65
HCLTECH,EQ,6-Aug-18,963.65,968,968.55,953,958.2,956.5
HCLTECH,EQ,7-Aug-18,956.5,960.9,970.95,959.1,968.4,968.8
HCLTECH,EQ,8-Aug-18,968.8,969,969.8,957.25,963.75,964.55
HCLTECH,EQ,9-Aug-18,964.55,967.95,967.95,955.1,958.5,956.65
HCLTECH,EQ,10-Aug-18,956.65,961.3,967.8,956.3,966,966
HCLTECH,EQ,13-Aug-18,966,965.95,984.25,965.5,982.95,983
HCLTECH,EQ,14-Aug-18,983,988.15,1002,979,997,999.7
HCLTECH,EQ,16-Aug-18,999.7,997.8,1014.8,992.3,997.3,997.25
HCLTECH,EQ,17-Aug-18,997.25,1000,1007.8,995.05,1004.95,1003.05
HCLTECH,EQ,20-Aug-18,1003.05,1005,1006.5,987,989,988.25
HCLTECH,EQ,21-Aug-18,988.25,1001.8,1014,998.35,1004.65,1004.6
HCLTECH,EQ,23-Aug-18,1004.6,1010,1028.1,1010,1026,1025.65
HCLTECH,EQ,24-Aug-18,1025.65,1030.45,1039.05,1020.15,1023.4,1023.35
HCLTECH,EQ,27-Aug-18,1023.35,1026,1040.3,1025,1037.85,1039
HCLTECH,EQ,28-Aug-18,1039,1040,1046.75,1036.9,1040.35,1040.75
HCLTECH,EQ,29-Aug-18,1040.75,1038.3,1041.15,1027,1034.9,1032.85
HCLTECH,EQ,30-Aug-18,1032.85,1029,1032.9,1013.55,1018.8,1016.55
HCLTECH,EQ,31-Aug-18,1016.55,1021,1055,1019.5,1044.35,1046.45
HCLTECH,EQ,3-Sep-18,1046.45,1053,1061,1044.6,1048.6,1049.15
HCLTECH,EQ,4-Sep-18,1049.15,1051.15,1079,1051,1076,1076.35
HCLTECH,EQ,5-Sep-18,1076.35,1075.8,1087,1068,1077,1078.95
HCLTECH,EQ,6-Sep-18,1078.95,1075,1089.8,1065.4,1088.8,1088.8
HCLTECH,EQ,7-Sep-18,1088.8,1086.95,1086.95,1065.35,1072.5,1073.95
HCLTECH,EQ,10-Sep-18,1073.95,1077,1096.9,1077,1090.45,1088.7
HCLTECH,EQ,11-Sep-18,1088.7,1090,1099,1082,1082.5,1085.1
HCLTECH,EQ,12-Sep-18,1085.1,1092,1099,1082.1,1084,1086.8
HCLTECH,EQ,14-Sep-18,1086.8,1084,1088.45,1065.2,1070.3,1070.7
HCLTECH,EQ,17-Sep-18,1070.7,1070.05,1084.4,1070.05,1078.15,1078.4
HCLTECH,EQ,18-Sep-18,1078.4,1080,1091,1078.4,1084.95,1083.9
HCLTECH,EQ,19-Sep-18,1083.9,1083,1098.45,1081.1,1087.15,1087.3
HCLTECH,EQ,21-Sep-18,1087.3,1091,1092,1078.55,1089.2,1084.9
HCLTECH,EQ,24-Sep-18,1084.9,1085.9,1106,1080.55,1095,1096.3
HCLTECH,EQ,25-Sep-18,1096.3,1102,1125.05,1094.3,1118,1116.35
HCLTECH,EQ,26-Sep-18,1116.35,1120.1,1120.85,1085.15,1090.35,1090.15
HCLTECH,EQ,27-Sep-18,1090.15,1093.95,1104.45,1088.5,1090,1092.2
HCLTECH,EQ,28-Sep-18,1092.2,1092.1,1099.75,1085.5,1085.95,1087.8
HCLTECH,EQ,1-Oct-18,1087.8,1085.2,1101,1081,1095,1098.4
HCLTECH,EQ,3-Oct-18,1098.4,1099.9,1101.7,1073.8,1085.35,1091.3
HCLTECH,EQ,4-Oct-18,1091.3,1084.85,1092.85,1061,1081.1,1077.1
HCLTECH,EQ,5-Oct-18,1077.1,1072,1098,1070.1,1080,1084
HCLTECH,EQ,8-Oct-18,1084,1070,1084.55,1048,1073.65,1072.1
HCLTECH,EQ,9-Oct-18,1072.1,1066.5,1079.05,1043.45,1067.2,1068.4
HCLTECH,EQ,10-Oct-18,1068.4,1059,1063.05,1038.55,1050.85,1051.8
HCLTECH,EQ,11-Oct-18,1051.8,1025.5,1025.5,998,1012.9,1009
HCLTECH,EQ,12-Oct-18,1009,1003.3,1007,974.5,982.25,985.15
HCLTECH,EQ,15-Oct-18,985.15,980,1006.15,980,1001.8,1002.95
HCLTECH,EQ,16-Oct-18,1002.95,1000,1012.5,989.05,1001,1003.4
HCLTECH,EQ,17-Oct-18,1003.4,1007,1036,1007,1022,1024.25
HCLTECH,EQ,19-Oct-18,1024.25,1016,1019.4,953.3,957,958.5
HCLTECH,EQ,22-Oct-18,958.5,964,987.9,957.15,973.8,980.05
HCLTECH,EQ,23-Oct-18,980.05,970,983.6,947.6,951.65,951.55
HCLTECH,EQ,24-Oct-18,951.55,975,990.55,945.8,990,980.7
HCLTECH,EQ,25-Oct-18,980.7,978.8,1011.45,968,1003,1004.85
HCLTECH,EQ,26-Oct-18,1004.85,999.95,999.95,962,967,966.6
HCLTECH,EQ,29-Oct-18,966.6,965.2,991.95,953.75,986.2,985.65
HCLTECH,EQ,30-Oct-18,985.65,987.3,1016.95,976.7,1006.35,1004.85
HCLTECH,EQ,31-Oct-18,1004.85,1005.3,1065.7,1002,1062,1055.6
HCLTECH,EQ,1-Nov-18,1055.6,1055,1057.45,1003.5,1015.5,1008.9
HCLTECH,EQ,2-Nov-18,1008.9,1016,1029.5,995.15,1004.3,1004.6
HCLTECH,EQ,5-Nov-18,1004.6,1005.5,1024.15,1003.8,1021.5,1020.75
HCLTECH,EQ,6-Nov-18,1020.75,1022.75,1042,1013.6,1022.2,1028.9
HCLTECH,EQ,7-Nov-18,1028.9,1029,1034.85,1026.75,1033,1031.55
HCLTECH,EQ,9-Nov-18,1031.55,1043,1047,1013.5,1028.05,1027.9
HCLTECH,EQ,12-Nov-18,1027.9,1032.45,1059,1032.05,1039.05,1036.8
HCLTECH,EQ,13-Nov-18,1036.8,1039.85,1054.85,1029.35,1031,1033.2
HCLTECH,EQ,14-Nov-18,1033.2,1031,1031.4,963,997,997.1
HCLTECH,EQ,15-Nov-18,997.1,999.9,1029,981.8,988.65,988.75
HCLTECH,EQ,16-Nov-18,988.75,997,1037.8,993.75,1022,1022.2
HCLTECH,EQ,19-Nov-18,1022.2,1022.2,1042.8,1014.25,1040,1040.1
HCLTECH,EQ,20-Nov-18,1040.1,1035,1035,1003.3,1011.65,1008.95
HCLTECH,EQ,21-Nov-18,1008.95,1003.05,1014,979.55,984.35,985.15
HCLTECH,EQ,22-Nov-18,985.15,988,1002,975.4,979.05,979.05
HCLTECH,EQ,26-Nov-18,979.05,984.5,1005.9,963,997.05,1000.5
HCLTECH,EQ,27-Nov-18,1000.5,998.7,1029,993,1021.7,1023.15
HCLTECH,EQ,28-Nov-18,1023.15,1023.2,1047.75,1012.35,1039.5,1043.1
HCLTECH,EQ,29-Nov-18,1043.1,1043.3,1045.35,1008.5,1017,1013.45
HCLTECH,EQ,30-Nov-18,1013.45,1018,1026.3,1004.25,1015.1,1015
HCLTECH,EQ,3-Dec-18,1015,1021.1,1025.7,1004.7,1019.95,1018.2
HCLTECH,EQ,4-Dec-18,1018.2,1018.1,1043,1017.05,1037,1036.25
HCLTECH,EQ,5-Dec-18,1036.25,1036.45,1058,1022,1046.05,1051.05
HCLTECH,EQ,6-Dec-18,1051.05,1049.35,1065.5,1009,1012.35,1012.5
HCLTECH,EQ,7-Dec-18,1012.5,1000,1000,934.45,961.9,961.95
HCLTECH,EQ,10-Dec-18,961.95,959.95,970.7,937.1,938.8,942
HCLTECH,EQ,11-Dec-18,942,941,965.15,930.7,960,956.85
HCLTECH,EQ,12-Dec-18,956.85,965,974,943.3,970.35,971.25
HCLTECH,EQ,13-Dec-18,971.25,970.05,982.55,963.45,976.5,978.05
HCLTECH,EQ,14-Dec-18,978.05,966,968.8,950,960.1,961.2
HCLTECH,EQ,17-Dec-18,961.2,965.1,974,953.9,972.1,971.65
HCLTECH,EQ,18-Dec-18,971.65,969.95,988.8,959.4,985,985.2
HCLTECH,EQ,19-Dec-18,985.2,980,983.6,954,958,957.15
HCLTECH,EQ,20-Dec-18,957.15,948.3,964.7,948,961.5,959.5
HCLTECH,EQ,21-Dec-18,959.5,957.05,964,945,948,954.45
HCLTECH,EQ,24-Dec-18,954.45,955,955.9,935.15,938,937.85
HCLTECH,EQ,26-Dec-18,937.85,938,947.7,931,941.95,942.8
HCLTECH,EQ,27-Dec-18,942.8,949,960,942.65,952.1,948.8
HCLTECH,EQ,28-Dec-18,948.8,952.1,963,950,963,958.35
HCLTECH,EQ,31-Dec-18,958.35,962.45,966.6,955.6,964.2,964.35
HCLTECH,EQ,1-Jan-19,964.35,962,965,952.85,960,959.85
HCLTECH,EQ,2-Jan-19,959.85,959,962,939.15,946.1,946.35
HCLTECH,EQ,3-Jan-19,946.35,950,960,945,949,948.35
HCLTECH,EQ,4-Jan-19,948.35,946,950.55,925,932,932.35
HCLTECH,EQ,7-Jan-19,932.35,939.9,950,935.9,945,941.55
HCLTECH,EQ,8-Jan-19,941.55,948,948,933.1,944.1,945.15
HCLTECH,EQ,9-Jan-19,945.15,947,948.55,932.3,936.25,938.4
HCLTECH,EQ,10-Jan-19,938.4,943,943,932,934,935.85
HCLTECH,EQ,11-Jan-19,935.85,935,941,920,939.55,940.05
HCLTECH,EQ,14-Jan-19,940.05,941,944,928,939,937.2
HCLTECH,EQ,15-Jan-19,937.2,929,955.9,929,948,947.7
HCLTECH,EQ,16-Jan-19,947.7,948,954.2,936.75,937.4,938.25
HCLTECH,EQ,17-Jan-19,938.25,935.1,957,933.1,952.8,954.7
HCLTECH,EQ,18-Jan-19,954.7,948.6,968.75,946.35,968,966.3
HCLTECH,EQ,21-Jan-19,966.3,969.05,981.5,962.05,964,965.75
HCLTECH,EQ,22-Jan-19,965.75,962,964.55,937,943.5,940.75
HCLTECH,EQ,23-Jan-19,940.75,947.5,949.95,938.7,943.15,944.45
HCLTECH,EQ,24-Jan-19,944.45,944.9,953.7,939.25,948,946.45
HCLTECH,EQ,25-Jan-19,946.45,949,975.7,946.1,975,969.4
HCLTECH,EQ,28-Jan-19,969.4,973,980,963.9,975.6,977.8
HCLTECH,EQ,29-Jan-19,977.8,978,994.85,961.1,989.6,988.45
HCLTECH,EQ,30-Jan-19,988.45,1018,1035,1001.5,1016.2,1018.4
HCLTECH,EQ,31-Jan-19,1018.4,1019.6,1023.15,986.75,1006,1005.2
HCLTECH,EQ,1-Feb-19,1005.2,1010.6,1050,1010.5,1041.55,1043.85
HCLTECH,EQ,4-Feb-19,1043.85,1045,1057.8,1040.3,1046,1044.8
HCLTECH,EQ,5-Feb-19,1044.8,1046.5,1055,1041.5,1045.4,1047.75
HCLTECH,EQ,6-Feb-19,1047.75,1051,1064.95,1045.1,1056,1055.2
HCLTECH,EQ,7-Feb-19,1055.2,1056,1077.8,1056,1065,1062.9
HCLTECH,EQ,8-Feb-19,1062.9,1060,1076,1058.05,1068,1068.45
HCLTECH,EQ,11-Feb-19,1068.45,1068.1,1084,1063,1077,1079.35
HCLTECH,EQ,12-Feb-19,1079.35,1076,1078.4,1052.75,1061,1058.8
HCLTECH,EQ,13-Feb-19,1058.8,1060,1073,1047.05,1069,1070.15
HCLTECH,EQ,14-Feb-19,1070.15,1070,1070,1057.05,1060.75,1061.3
HCLTECH,EQ,15-Feb-19,1061.3,1066.2,1067.35,1041.5,1059.4,1057.25
HCLTECH,EQ,18-Feb-19,1057.25,1060.8,1072,1032.5,1048,1046.3
HCLTECH,EQ,19-Feb-19,1046.3,1048,1051.2,1036.35,1043.55,1039.05
HCLTECH,EQ,20-Feb-19,1039.05,1042.35,1061.5,1026,1060,1057.95
HCLTECH,EQ,21-Feb-19,1057.95,1060,1061.5,1042.6,1053.9,1053.4
HCLTECH,EQ,22-Feb-19,1053.4,1044.2,1070.5,1044,1069.65,1066.15
HCLTECH,EQ,25-Feb-19,1066.15,1070.6,1085,1062.95,1083.5,1082.25
HCLTECH,EQ,26-Feb-19,1082.25,1080.6,1095.95,1054.95,1058.4,1058.85
HCLTECH,EQ,27-Feb-19,1058.85,1060,1066,1038,1061,1060.35
HCLTECH,EQ,28-Feb-19,1060.35,1069.95,1069.95,1047.7,1050.85,1053.9
HCLTECH,EQ,1-Mar-19,1053.9,1055,1061.4,1043.75,1057,1052.6
HCLTECH,EQ,5-Mar-19,1052.6,1057.7,1059.8,1045.2,1052.05,1052.55
HCLTECH,EQ,6-Mar-19,1052.55,1060.6,1062,1038.6,1044.6,1043.25
HCLTECH,EQ,7-Mar-19,1043.25,1047.6,1050.5,1032,1035,1034.55
HCLTECH,EQ,8-Mar-19,1034.55,1029.4,1029.95,1006,1007,1009.05
HCLTECH,EQ,11-Mar-19,1009.05,1007,1021.75,1001,1005.05,1004.4
HCLTECH,EQ,12-Mar-19,1004.4,1007.1,1019.5,1000.05,1014,1013.35
HCLTECH,EQ,13-Mar-19,1013.35,1018.7,1043,1014.1,1025.5,1028.35
HCLTECH,EQ,14-Mar-19,1028.35,1035,1040.55,1004.1,1006,1006.75
HCLTECH,EQ,15-Mar-19,1006.75,1012,1033.85,1008.8,1032,1029.3
HCLTECH,EQ,18-Mar-19,1029.3,1032.1,1039.95,1008.35,1015.7,1012
HCLTECH,EQ,19-Mar-19,1012,1020.1,1042,1013.1,1040.75,1036.2
HCLTECH,EQ,20-Mar-19,1036.2,1042,1054.5,1031.5,1036.4,1037.95
HCLTECH,EQ,22-Mar-19,1037.95,1038,1048,1018,1030.45,1024.85
HCLTECH,BL,25-Mar-19,1420,1024.85,1024.85,1024.85,1024.85,1024.85
HCLTECH,EQ,25-Mar-19,1024.85,1029,1029,1011.85,1017.7,1017.65
HCLTECH,EQ,26-Mar-19,1017.65,1013.35,1043.8,1011.5,1038,1034.6
HCLTECH,EQ,27-Mar-19,1034.6,1020,1056.35,1020,1042.5,1043.15
HCLTECH,EQ,28-Mar-19,1043.15,1051.4,1088.35,1050,1085,1082.9
HCLTECH,EQ,29-Mar-19,1082.9,1090,1098.45,1067.65,1087,1087.45
HCLTECH,EQ,1-Apr-19,1087.45,1090,1120,1082.05,1110,1110.75
HCLTECH,EQ,2-Apr-19,1110.75,1110,1120,1092.5,1102.05,1102.6
HCLTECH,EQ,3-Apr-19,1102.6,1102.6,1133.3,1091.55,1114.65,1120.6
HCLTECH,EQ,4-Apr-19,1120.6,1118,1118.05,1081.5,1090.35,1098.05
HCLTECH,EQ,5-Apr-19,1098.05,1090.35,1104.65,1085.5,1092,1092.8
HCLTECH,EQ,8-Apr-19,1092.8,1095,1101,1080.95,1096.4,1096.35
HCLTECH,EQ,9-Apr-19,1096.35,1096.35,1128.85,1096.2,1118,1118.15
HCLTECH,EQ,10-Apr-19,1118.15,1120,1125.3,1096.2,1098.75,1098.7
HCLTECH,EQ,11-Apr-19,1098.7,1092.3,1101.1,1085,1088.9,1088.85
HCLTECH,EQ,12-Apr-19,1088.85,1088.8,1100.85,1076.6,1082.7,1083.45
HCLTECH,EQ,15-Apr-19,1083.45,1089,1108,1085,1102,1103.25
HCLTECH,EQ,16-Apr-19,1103.25,1109.5,1116.25,1102.35,1103,1107.05
HCLTECH,EQ,18-Apr-19,1107.05,1108,1123.9,1090.5,1101,1102.65
HCLTECH,EQ,22-Apr-19,1102.65,1103.5,1114.3,1095,1099.05,1101.1
HCLTECH,EQ,23-Apr-19,1101.1,1102.6,1111.95,1096.6,1105.5,1102
HCLTECH,EQ,24-Apr-19,1102,1103,1142.1,1096.85,1141.05,1138.95
HCLTECH,EQ,25-Apr-19,1138.95,1141,1151.4,1129.05,1136,1133.7
HCLTECH,EQ,26-Apr-19,1133.7,1140,1169.85,1135,1138.4,1139.75
HCLTECH,EQ,30-Apr-19,1139.75,1140.05,1187.6,1140,1180,1183.35
HCLTECH,EQ,2-May-19,1183.35,1170,1180.5,1156.5,1160.95,1160.05
HCLTECH,EQ,3-May-19,1160.05,1144,1149.15,1126.25,1142,1143.05
HCLTECH,EQ,6-May-19,1143.05,1139.9,1144.4,1128.05,1136,1136.05
HCLTECH,EQ,7-May-19,1136.05,1137.35,1150,1116,1133.9,1131.75
HCLTECH,EQ,8-May-19,1131.75,1132,1140,1122.4,1125.05,1132.6
HCLTECH,EQ,9-May-19,1132.6,1124.5,1145,1110.1,1138.9,1136.6
HCLTECH,EQ,10-May-19,1136.6,1111,1111,1072.8,1085.05,1086.65
HCLTECH,EQ,13-May-19,1086.65,1088.3,1100.75,1078,1082,1083.65
HCLTECH,EQ,14-May-19,1083.65,1083.65,1083.65,1057,1067.15,1067.85
HCLTECH,EQ,15-May-19,1067.85,1072.95,1086.5,1062.85,1066.8,1067.45
HCLTECH,EQ,16-May-19,1067.45,1079.9,1080.45,1056.05,1075,1072.25
HCLTECH,EQ,17-May-19,1072.25,1075.05,1077,1059.75,1062.6,1062.7
HCLTECH,EQ,20-May-19,1062.7,1065,1083.8,1051.25,1075,1073.55
HCLTECH,EQ,21-May-19,1073.55,1071.4,1074,1052.65,1059.85,1056.1
HCLTECH,EQ,22-May-19,1056.1,1057,1075,1053.7,1063.2,1061
HCLTECH,EQ,23-May-19,1061,1064,1071,1050.25,1068.4,1066.4
HCLTECH,EQ,24-May-19,1066.4,1071,1074,1054.1,1066.2,1065.95
HCLTECH,EQ,27-May-19,1065.95,1072,1081,1058.2,1066,1064.2
HCLTECH,EQ,28-May-19,1064.2,1071,1089.95,1055.25,1068.3,1071.3
HCLTECH,EQ,29-May-19,1071.3,1071.4,1095,1068.2,1085,1085
HCLTECH,EQ,30-May-19,1085,1088,1098.35,1068,1081,1078.2
HCLTECH,EQ,31-May-19,1078.2,1085,1099.4,1080.05,1090,1092.55
HCLTECH,EQ,3-Jun-19,1092.55,1098.85,1119,1087.15,1117.1,1115.2
HCLTECH,EQ,4-Jun-19,1115.2,1112.4,1113.4,1081,1090,1085.85
HCLTECH,EQ,6-Jun-19,1085.85,1090,1101.15,1075.55,1078.65,1079.2
HCLTECH,EQ,7-Jun-19,1079.2,1083,1087.2,1071.25,1079,1079.6
HCLTECH,EQ,10-Jun-19,1079.6,1086.9,1101.8,1081.4,1095,1091.2
HCLTECH,EQ,11-Jun-19,1091.2,1100,1116.95,1093.9,1108,1107.9
HCLTECH,EQ,12-Jun-19,1107.9,1107,1110,1091.3,1107.5,1108.1
HCLTECH,EQ,13-Jun-19,1108.1,1103,1106.1,1093,1097.95,1100.9
HCLTECH,EQ,14-Jun-19,1100.9,1093.1,1102.35,1084,1084,1087
HCLTECH,EQ,17-Jun-19,1087,1084,1087.7,1071.5,1072.9,1074.9
HCLTECH,EQ,18-Jun-19,1074.9,1074.9,1094.15,1074.65,1089.55,1089.6
HCLTECH,EQ,19-Jun-19,1089.6,1090.1,1096.6,1077.8,1083.45,1084.1
HCLTECH,EQ,20-Jun-19,1084.1,1070,1091,1065.65,1089.45,1087.35
HCLTECH,EQ,21-Jun-19,1087.35,1092.5,1092.65,1071.15,1079,1076.25
HCLTECH,EQ,24-Jun-19,1076.25,1079,1084.05,1068.1,1077.35,1077.9
HCLTECH,EQ,25-Jun-19,1077.9,1077.9,1081.1,1060.15,1077.3,1079
HCLTECH,EQ,26-Jun-19,1079,1072.2,1092.65,1072.2,1076.6,1078.75
HCLTECH,EQ,27-Jun-19,1078.75,1074.3,1084.05,1059.95,1061.8,1062.75
HCLTECH,EQ,28-Jun-19,1062.75,1070.7,1075.95,1058.7,1065.75,1064.65
HCLTECH,EQ,1-Jul-19,1064.65,1067.25,1069.9,1047.35,1049.1,1049.1
HCLTECH,EQ,2-Jul-19,1049.1,1053,1064.65,1043,1061.2,1060
HCLTECH,EQ,3-Jul-19,1060,1061,1064.75,1047.6,1048.25,1051.2
HCLTECH,EQ,4-Jul-19,1051.2,1048.7,1051.2,1033.8,1039.5,1040.75
HCLTECH,EQ,5-Jul-19,1040.75,1043.9,1049,1012.65,1019.95,1016.4
HCLTECH,EQ,8-Jul-19,1016.4,1011,1045.8,1010.05,1035.05,1039.05
HCLTECH,EQ,9-Jul-19,1039.05,1033.45,1047.8,1008,1019,1020.75
HCLTECH,EQ,10-Jul-19,1020.75,1014,1035,1013.1,1020,1018.9
HCLTECH,EQ,11-Jul-19,1018.9,1027.8,1027.8,1015.05,1021,1020.8
HCLTECH,EQ,12-Jul-19,1020.8,1016.05,1029.7,1009,1022.8,1023.9
HCLTECH,EQ,15-Jul-19,1023.9,1034.45,1038,1020,1027.5,1027.5
HCLTECH,EQ,16-Jul-19,1027.5,1031.9,1032.15,1013.45,1019,1019.65
HCLTECH,EQ,17-Jul-19,1019.65,1024.4,1043,1020.9,1040,1040.75
HCLTECH,EQ,18-Jul-19,1040.75,1033.4,1037,1016,1020.4,1018.55
HCLTECH,EQ,19-Jul-19,1018.55,1024,1030.8,1009.2,1015,1015.6
HCLTECH,EQ,22-Jul-19,1015.6,1015.6,1027.25,1003.25,1020.55,1018.95
HCLTECH,EQ,23-Jul-19,1018.95,1020.65,1025.95,1007.15,1011.05,1010.95
HCLTECH,EQ,24-Jul-19,1010.95,1009.95,1024.85,1001.5,1023,1021.3
HCLTECH,EQ,25-Jul-19,1021.3,1021.1,1027.65,1003,1007.45,1011.3
HCLTECH,EQ,26-Jul-19,1011.3,1007.7,1012.1,997.4,1003.75,1001.45
HCLTECH,EQ,29-Jul-19,1001.45,1005,1024,1004,1011.05,1015.45
HCLTECH,EQ,30-Jul-19,1015.45,1015,1027.35,1010.8,1023,1023.6
HCLTECH,EQ,31-Jul-19,1023.6,1022.5,1037.9,1002.95,1034,1034.55
HCLTECH,EQ,1-Aug-19,1034.55,1029.15,1042.45,1015.1,1016.5,1021.55
HCLTECH,EQ,2-Aug-19,1021.55,1017,1017.9,993,1009.95,1010.5
HCLTECH,EQ,5-Aug-19,1010.5,1003.4,1017,997.1,1011.15,1011.1
HCLTECH,EQ,6-Aug-19,1011.1,1011.1,1037,1003.2,1022.4,1024.2
HCLTECH,EQ,7-Aug-19,1024.2,1025.15,1045.9,1016.45,1019,1022.65
HCLTECH,EQ,8-Aug-19,1022.65,1035.95,1095,1028.05,1090.9,1088.25
HCLTECH,EQ,9-Aug-19,1088.25,1084.8,1102.45,1077.8,1083.15,1086.3
HCLTECH,EQ,13-Aug-19,1086.3,1091.9,1091.9,1067.35,1070.35,1072.5
HCLTECH,EQ,14-Aug-19,1072.5,1069.15,1083.4,1057.45,1069.55,1076.15
HCLTECH,EQ,16-Aug-19,1076.15,1076.9,1076.9,1050.5,1061.8,1062.75
HCLTECH,EQ,19-Aug-19,1062.75,1065.6,1077.95,1057.65,1063.45,1064.05
HCLTECH,EQ,20-Aug-19,1064.05,1067.9,1090.8,1065.1,1085.05,1084
HCLTECH,EQ,21-Aug-19,1084,1082.95,1083.55,1066.05,1068.1,1070.15
HCLTECH,EQ,22-Aug-19,1070.15,1070.5,1086.35,1056.05,1079,1078.9
HCLTECH,EQ,23-Aug-19,1078.9,1079,1097.45,1077.6,1086,1087
HCLTECH,EQ,26-Aug-19,1087,1091.6,1096,1063.65,1094,1092.85
HCLTECH,EQ,27-Aug-19,1092.85,1099,1100,1063.8,1096.5,1093.1
HCLTECH,EQ,28-Aug-19,1093.1,1097,1130,1092.3,1122.8,1123.95
HCLTECH,EQ,29-Aug-19,1123.95,1113,1125.7,1110,1117.15,1117.75
HCLTECH,EQ,30-Aug-19,1117.75,1115.7,1115.8,1083.2,1101.2,1100.35
HCLTECH,EQ,3-Sep-19,1100.35,1107,1130.6,1102.85,1106,1108.35
HCLTECH,EQ,4-Sep-19,1108.35,1112.35,1128.5,1103.9,1125.45,1125.65
HCLTECH,EQ,5-Sep-19,1125.65,1125.45,1125.45,1103.75,1114.55,1111.95
HCLTECH,EQ,6-Sep-19,1111.95,1115.5,1121.15,1096.95,1097.05,1100.4
HCLTECH,EQ,9-Sep-19,1100.4,1102,1102,1081,1085,1084.4
HCLTECH,EQ,11-Sep-19,1084.4,1088,1094,1052.6,1055,1057.7
HCLTECH,EQ,12-Sep-19,1057.7,1057,1064.45,1048,1055,1054.9
HCLTECH,EQ,13-Sep-19,1054.9,1054.9,1070,1053.9,1069.55,1068.5
HCLTECH,EQ,16-Sep-19,1068.5,1070,1078.95,1057,1065.55,1069.9
HCLTECH,EQ,17-Sep-19,1069.9,1069,1069,1046.55,1057.7,1055.85
HCLTECH,EQ,18-Sep-19,1055.85,1059.65,1066.95,1050.65,1058,1058.45
HCLTECH,EQ,19-Sep-19,1058.45,1058,1058,1032.25,1046.25,1049.55
HCLTECH,EQ,20-Sep-19,1049.55,1052,1063.55,1037.3,1050,1049.1
HCLTECH,EQ,23-Sep-19,1049.1,1063,1063,1017,1026.2,1032.9
HCLTECH,EQ,24-Sep-19,1032.9,1023.2,1051.7,1023,1049.1,1047.4
HCLTECH,EQ,25-Sep-19,1047.4,1049.5,1062,1044.2,1054.95,1053.85
HCLTECH,EQ,26-Sep-19,1053.85,1054,1055.55,1033.25,1050,1045.15
HCLTECH,EQ,27-Sep-19,1045.15,1045.5,1053.6,1034.1,1042,1041.05
HCLTECH,EQ,30-Sep-19,1041.05,1044,1096.5,1043.05,1078.65,1080.6
HCLTECH,EQ,1-Oct-19,1080.6,1081,1081,1053.2,1063,1059.55
HCLTECH,EQ,3-Oct-19,1059.55,1058,1090,1054.15,1076.25,1076.8
HCLTECH,EQ,4-Oct-19,1076.8,1076,1081.8,1064.65,1078,1079.1
HCLTECH,EQ,7-Oct-19,1079.1,1085.75,1091,1068.9,1074,1074.4
HCLTECH,EQ,9-Oct-19,1074.4,1070.05,1073.95,1040.15,1051.05,1051.1
HCLTECH,EQ,10-Oct-19,1051.1,1051.05,1066.1,1041.4,1064,1063.5
HCLTECH,EQ,11-Oct-19,1063.5,1050,1090,1048,1078.4,1079.5
HCLTECH,EQ,14-Oct-19,1079.5,1082.4,1099.8,1074,1083.05,1086.8
HCLTECH,EQ,15-Oct-19,1086.8,1089.1,1099.15,1079.45,1088,1084.5
HCLTECH,EQ,16-Oct-19,1084.5,1089,1107,1083.1,1100.8,1100.9
HCLTECH,EQ,17-Oct-19,1100.9,1100,1102.2,1084.55,1089.2,1093.05
HCLTECH,EQ,18-Oct-19,1093.05,1094.95,1105.45,1088.4,1094.95,1095.5
HCLTECH,EQ,22-Oct-19,1095.5,1090.2,1095.9,1051.5,1064.9,1064.45
HCLTECH,EQ,23-Oct-19,1064.45,1070,1103.95,1068,1102,1095.15
HCLTECH,EQ,24-Oct-19,1095.15,1155.1,1159,1110.5,1118.55,1119.05
HCLTECH,EQ,25-Oct-19,1119.05,1121,1137.25,1098.1,1134.05,1134.05
HCLTECH,EQ,27-Oct-19,1134.05,1138,1139.65,1125.1,1130.9,1130.5
HCLTECH,EQ,29-Oct-19,1130.5,1130.9,1145.85,1127.95,1140,1139.75
HCLTECH,EQ,30-Oct-19,1139.75,1150,1150,1138.2,1143.15,1146.75
HCLTECH,EQ,31-Oct-19,1146.75,1145.75,1170,1138.55,1156,1162.75
HCLTECH,EQ,1-Nov-19,1162.75,1158.9,1167,1143.4,1152.05,1152
HCLTECH,EQ,4-Nov-19,1152,1160.05,1166.3,1152.05,1153.7,1155.9
HCLTECH,EQ,5-Nov-19,1155.9,1156.1,1160.6,1143.35,1157,1158.7
HCLTECH,EQ,6-Nov-19,1158.7,1160,1160.05,1141.2,1148.55,1148.35
HCLTECH,EQ,7-Nov-19,1148.35,1149,1154.2,1136.1,1149,1148.45
HCLTECH,EQ,8-Nov-19,1148.45,1148.35,1164.4,1146.1,1148.8,1150.1
HCLTECH,EQ,11-Nov-19,1150.1,1150,1153.7,1130.2,1145.95,1145.95
HCLTECH,EQ,13-Nov-19,1145.95,1150,1156.1,1134.7,1142.9,1138.6
HCLTECH,EQ,14-Nov-19,1138.6,1141.5,1157.4,1135.1,1149,1147.8
HCLTECH,EQ,15-Nov-19,1147.8,1150.95,1159.8,1140,1143.15,1142.3
HCLTECH,EQ,18-Nov-19,1142.3,1148,1149.7,1138.8,1140.5,1141.1
HCLTECH,EQ,19-Nov-19,1141.1,1139,1143.5,1128.65,1133.9,1134.65
HCLTECH,EQ,20-Nov-19,1134.65,1135,1137.7,1125.5,1132.2,1132.8
HCLTECH,EQ,21-Nov-19,1132.8,1138.6,1148.5,1131.55,1135.5,1136.6
HCLTECH,EQ,22-Nov-19,1136.6,1130.45,1134.95,1108.95,1117.5,1114.75
HCLTECH,EQ,25-Nov-19,1114.75,1117,1126.1,1106.05,1125,1124.75
HCLTECH,EQ,26-Nov-19,1124.75,1126.5,1134.5,1098.45,1109.75,1108.05
HCLTECH,EQ,27-Nov-19,1108.05,1109,1134.4,1109,1123.7,1128.25
HCLTECH,EQ,28-Nov-19,1128.25,1139,1143.4,1125.5,1134,1132.65
HCLTECH,EQ,29-Nov-19,1132.65,1136,1136.85,1125.1,1127.5,1127.65
HCLTECH,EQ,2-Dec-19,1127.65,1139,1139,1123.5,1124.9,1125.3
HCLTECH,EQ,3-Dec-19,1125.3,1129.95,1131,1121,1124.6,1124.55
HCLTECH,EQ,4-Dec-19,1124.55,1127,1130,1116.45,1125,1125.5
HCLTECH,EQ,5-Dec-19,1125.5,563.8,567.65,557.15,561.35,560.9
HCLTECH,EQ,6-Dec-19,560.9,563.9,567.05,558.65,560,560.3
HCLTECH,EQ,9-Dec-19,560.3,562.55,563.2,547,551.25,552.05
HCLTECH,EQ,10-Dec-19,552.05,552.05,554.9,541.8,544.5,544.45
HCLTECH,EQ,11-Dec-19,544.45,545,549.9,539.45,545,543.8
HCLTECH,EQ,12-Dec-19,543.8,547.3,547.8,535.05,536,536.35
HCLTECH,EQ,13-Dec-19,536.35,538,545,536.8,544.5,543.15
HCLTECH,EQ,16-Dec-19,543.15,546,554.95,545.05,552.15,552.2
HCLTECH,EQ,17-Dec-19,552.2,555.5,559,552.5,558.7,557.75
HCLTECH,EQ,18-Dec-19,557.75,560,566.95,559,565.45,564.7
HCLTECH,EQ,19-Dec-19,564.7,565.5,574,564.75,569.55,569.5
HCLTECH,EQ,20-Dec-19,569.5,573.5,573.75,565.5,570,569.9
HCLTECH,EQ,23-Dec-19,569.9,567.5,575.55,566.55,570,570.95
HCLTECH,EQ,24-Dec-19,570.95,572,572.65,559.3,561,560.55
HCLTECH,EQ,26-Dec-19,560.55,561.65,565,559.55,560.6,560.5
HCLTECH,EQ,27-Dec-19,560.5,562.95,569,557,566.5,567.55
HCLTECH,EQ,30-Dec-19,567.55,567,577.5,564.25,569.8,569.3
HCLTECH,EQ,31-Dec-19,569.3,569.1,571.5,565.05,569,568.1
HCLTECH,EQ,1-Jan-20,568.1,569.4,572.9,566.85,571.1,571.95
HCLTECH,EQ,2-Jan-20,571.95,572.55,575,570.5,574,573.55
HCLTECH,EQ,3-Jan-20,573.55,574,588.5,572.85,582,585.05
HCLTECH,EQ,6-Jan-20,585.05,585,592.2,579.45,581.9,582
HCLTECH,EQ,7-Jan-20,582,582,587.75,579.05,583.9,584.25
HCLTECH,EQ,8-Jan-20,584.25,583,593,578,585,585.75
HCLTECH,EQ,9-Jan-20,585.75,586,588.15,579.25,580.95,580.3
HCLTECH,EQ,10-Jan-20,580.3,582,589.8,577.4,580.4,580.35
HCLTECH,EQ,13-Jan-20,580.35,583.95,590,581,587,586.5
HCLTECH,EQ,14-Jan-20,586.5,587.2,597.4,587.15,594,594.3
HCLTECH,EQ,15-Jan-20,594.3,597,598.3,591.7,595,595.75
HCLTECH,EQ,16-Jan-20,595.75,597,598.3,586.75,594.65,593.25
HCLTECH,EQ,17-Jan-20,593.25,585,602,585,600.5,598.8
HCLTECH,EQ,20-Jan-20,598.8,618,618,584.1,588.95,589.25
HCLTECH,EQ,21-Jan-20,589.25,589.3,593.25,582.35,582.75,584.05
HCLTECH,EQ,22-Jan-20,584.05,585.2,595,581.5,590.2,590.65
HCLTECH,EQ,23-Jan-20,590.65,590.1,599.95,587,598,598.95
HCLTECH,EQ,24-Jan-20,598.95,599,609,595.5,607.4,607.7
HCLTECH,EQ,27-Jan-20,607.7,607.7,608,601.75,605.55,604.35
HCLTECH,EQ,28-Jan-20,604.35,607.3,607.35,592.6,602.85,601.45
HCLTECH,EQ,29-Jan-20,601.45,605,611.5,602.2,608.85,608.85
HCLTECH,EQ,30-Jan-20,608.85,612,613.85,603.65,607.9,607.85
HCLTECH,EQ,31-Jan-20,607.85,607.85,608.9,589.6,591.6,591.4
HCLTECH,EQ,1-Feb-20,591.4,591.4,597.7,580.75,590.8,590.9
HCLTECH,EQ,3-Feb-20,590.9,591.4,593.65,577.5,579.85,579.1
HCLTECH,EQ,4-Feb-20,579.1,583,589.25,582.5,587.8,586.5
HCLTECH,EQ,5-Feb-20,586.5,589.4,598.5,586,595,595.6
HCLTECH,EQ,6-Feb-20,595.6,598.95,613,598,601,599.7
HCLTECH,EQ,7-Feb-20,599.7,601.65,609.2,599.15,605,607.7
HCLTECH,EQ,10-Feb-20,607.7,608.9,611.55,601.65,603,604.9
HCLTECH,EQ,11-Feb-20,604.9,606,613.75,605.7,610.95,610.65
HCLTECH,EQ,12-Feb-20,610.65,613,620.5,610.3,612.2,614.1
HCLTECH,EQ,13-Feb-20,614.1,612,613.95,604.05,612.5,612.45
HCLTECH,EQ,14-Feb-20,612.45,612.45,623.25,612.25,622.15,621.65
HCLTECH,EQ,17-Feb-20,621.65,623,623.5,612.35,613.45,613.45
HCLTECH,EQ,18-Feb-20,613.45,613.45,615.8,605.15,609.8,607.05
HCLTECH,EQ,19-Feb-20,607.05,614.45,618.25,604,604.45,605.75
HCLTECH,EQ,20-Feb-20,605.75,611,612.95,605.15,610,608.05
HCLTECH,EQ,24-Feb-20,608.05,608,609,591.5,592.15,595.15
HCLTECH,EQ,25-Feb-20,595.15,595.5,595.7,575,583.2,582.45
HCLTECH,EQ,26-Feb-20,582.45,576.9,589.05,575.5,583.25,583.6
HCLTECH,EQ,27-Feb-20,583.6,582.1,582.4,568,571,573.05
HCLTECH,EQ,28-Feb-20,573.05,560,564,531.2,539,534.35
HCLTECH,EQ,2-Mar-20,534.35,541.05,565.85,537.85,547.6,549.7
HCLTECH,EQ,3-Mar-20,549.7,556,568.75,555,568.2,565.05
HCLTECH,EQ,4-Mar-20,565.05,569,575.4,561,562.2,563.1
HCLTECH,EQ,5-Mar-20,563.1,568,581.9,563.15,576,576.4
HCLTECH,EQ,6-Mar-20,576.4,570,573.95,559.55,568,566.2
HCLTECH,EQ,9-Mar-20,566.2,555,558,536.45,542.55,540.45
HCLTECH,EQ,11-Mar-20,540.45,526.75,542.65,514,538.05,536.8
HCLTECH,EQ,12-Mar-20,536.8,521,527.8,486.35,494,493.35
HCLTECH,EQ,13-Mar-20,493.35,460,517.25,395.95,497,492.9
HCLTECH,EQ,16-Mar-20,492.9,469,479.8,446.85,453.25,450.7
HCLTECH,EQ,17-Mar-20,450.7,450,478.6,443.35,455,450.65
HCLTECH,EQ,18-Mar-20,450.65,455,464.8,429.05,437,434.25
HCLTECH,EQ,19-Mar-20,434.25,418.9,434.6,375.25,419,413.45
HCLTECH,EQ,20-Mar-20,413.45,413.5,461.95,411.85,444.7,444.9
HCLTECH,EQ,23-Mar-20,444.9,415,444,400.45,425,417.15
HCLTECH,EQ,24-Mar-20,417.15,413,458.85,411.85,449,442.05
HCLTECH,EQ,25-Mar-20,442.05,432,468,417.75,436,457.6
HCLTECH,EQ,26-Mar-20,457.6,461.1,466.75,441.1,445.7,447.7
HCLTECH,EQ,27-Mar-20,447.7,450.25,457.45,420.5,434,430.65
HCLTECH,EQ,30-Mar-20,430.65,410,438.65,410,424,419
HCLTECH,EQ,31-Mar-20,419,433.2,449.4,425.3,433,436.4
HCLTECH,EQ,1-Apr-20,436.4,433,433.2,408.2,414.65,413.55
HCLTECH,EQ,3-Apr-20,413.55,418.9,428.6,399.3,409.85,405.8
HCLTECH,EQ,7-Apr-20,405.8,425,457.95,425,456,451.15
HCLTECH,EQ,8-Apr-20,451.15,451,476.8,449,466.25,463.1
HCLTECH,EQ,9-Apr-20,463.1,480.7,481,462,470,469.05
HCLTECH,EQ,13-Apr-20,469.05,470,471,454,461,458.25
HCLTECH,EQ,15-Apr-20,458.25,470,482,462.7,481.2,478.75
HCLTECH,EQ,16-Apr-20,478.75,473,476,456.7,459.8,459.75
HCLTECH,EQ,17-Apr-20,459.75,470,475,453.65,457,455.25
HCLTECH,EQ,20-Apr-20,455.25,458,473.6,453.5,469.9,470
HCLTECH,EQ,21-Apr-20,470,458,464.95,447.85,455.05,455.7
HCLTECH,EQ,22-Apr-20,455.7,453,469.45,450,463.5,462.4
HCLTECH,EQ,23-Apr-20,462.4,465,480.75,462.4,480,477.7
HCLTECH,EQ,24-Apr-20,477.7,480,496.9,465.15,468.1,468.1
HCLTECH,EQ,27-Apr-20,468.1,473.1,485.7,467.25,484,483.1
HCLTECH,EQ,28-Apr-20,483.1,489,489,469.45,474.25,471.1
HCLTECH,EQ,29-Apr-20,471.1,474.8,501,470.2,495,491.75
HCLTECH,EQ,30-Apr-20,491.75,506.5,565.5,501,545,543.55
HCLTECH,EQ,4-May-20,543.55,527.5,527.5,508.2,514.9,514.25
HCLTECH,EQ,5-May-20,514.25,526,529.9,515.65,521.3,520.4
HCLTECH,EQ,6-May-20,520.4,512.2,526.7,506.2,521,519.1
HCLTECH,EQ,7-May-20,519.1,530,541.8,507.55,510.5,511.75
HCLTECH,EQ,8-May-20,511.75,520.85,522.5,502.4,519,518.4
HCLTECH,EQ,11-May-20,518.4,526,534.9,521.2,527,527.55
HCLTECH,EQ,12-May-20,527.55,525.45,540,520,527.3,527.4
HCLTECH,EQ,13-May-20,527.4,539.85,539.85,521.55,527,528.75
HCLTECH,EQ,14-May-20,528.75,519.4,527.55,514.35,515,517.45
HCLTECH,EQ,15-May-20,517.45,517.95,517.95,505.25,512.2,511.25
HCLTECH,EQ,18-May-20,511.25,514.7,518.65,507.5,513,510.75
HCLTECH,EQ,19-May-20,510.75,512,520.5,506.2,519.2,518.25
HCLTECH,EQ,20-May-20,518.25,515.05,528.65,515,526.4,526.75
HCLTECH,EQ,21-May-20,526.75,529.8,537.5,523.4,534.9,534.85
HCLTECH,EQ,22-May-20,534.85,533.65,535,523,531.45,530.4
HCLTECH,EQ,26-May-20,530.4,530,536.5,520.25,527.5,524
HCLTECH,EQ,27-May-20,524,529.7,533.9,516,527.2,530.95
HCLTECH,EQ,28-May-20,530.95,531,546,523,543.9,542.65
HCLTECH,EQ,29-May-20,542.65,540,555,536.7,552,550.25
HCLTECH,EQ,1-Jun-20,550.25,557,573.4,555.5,557,559.75
HCLTECH,EQ,2-Jun-20,559.75,559.3,567.75,550,562.95,560.2
HCLTECH,EQ,3-Jun-20,560.2,564,568.4,557,565.3,562.8
HCLTECH,EQ,4-Jun-20,562.8,565,583.7,559,580.75,578.95
HCLTECH,EQ,5-Jun-20,578.95,585,587.15,572.5,575,575.95
HCLTECH,EQ,8-Jun-20,575.95,579.15,583.5,571.05,578,578.25
HCLTECH,EQ,9-Jun-20,578.25,574.15,583.6,570,570,572.85
HCLTECH,EQ,10-Jun-20,572.85,575,587.5,573.6,578,578.7
HCLTECH,EQ,11-Jun-20,578.7,580,584.9,574.1,576.25,578.05
HCLTECH,EQ,12-Jun-20,578.05,555.2,578.7,555.2,571,570.75
HCLTECH,EQ,15-Jun-20,570.75,574.8,581,563.7,579.25,578.95
HCLTECH,EQ,16-Jun-20,578.95,585,593.5,578.4,579.2,580.9
HCLTECH,EQ,17-Jun-20,580.9,580,581.85,573,575.6,575.85
HCLTECH,EQ,18-Jun-20,575.85,571.2,583.8,570.1,577.9,578.95
HCLTECH,EQ,19-Jun-20,578.95,574,578,567.2,572,569.6
HCLTECH,EQ,22-Jun-20,569.6,575,576.65,565.4,569.95,569.6
HCLTECH,EQ,23-Jun-20,569.6,569.7,583.5,563.75,579,580.25
HCLTECH,EQ,24-Jun-20,580.25,575,579.8,554.4,561,559.6
HCLTECH,EQ,25-Jun-20,559.6,557.6,560.7,548,548.4,550.05
HCLTECH,EQ,26-Jun-20,550.05,550.05,573.9,545,562.8,562.4
HCLTECH,EQ,29-Jun-20,562.4,562,565.9,550.3,553,553.7
HCLTECH,EQ,30-Jun-20,553.7,558,560.8,553.25,557,556.85
HCLTECH,EQ,1-Jul-20,556.85,557.95,559.6,551,551.2,551.75
HCLTECH,EQ,2-Jul-20,551.75,555,572.4,552.9,570.95,569.2
HCLTECH,EQ,3-Jul-20,569.2,572,580.55,570.6,578.45,579.15
HCLTECH,EQ,6-Jul-20,579.15,579.15,589,577.25,578.55,578.7
HCLTECH,EQ,7-Jul-20,578.7,582,594.45,575.15,593,592.05
HCLTECH,EQ,8-Jul-20,592.05,594.75,594.75,573,574.45,574.9
HCLTECH,EQ,9-Jul-20,574.9,575.65,591.6,575,588,588.25
HCLTECH,EQ,10-Jul-20,588.25,588.25,588.55,579.85,582,582.25
HCLTECH,EQ,13-Jul-20,582.25,585,605,583.35,604,602.6
HCLTECH,EQ,14-Jul-20,602.6,604.6,613.75,588.1,590.25,591.35
HCLTECH,EQ,15-Jul-20,591.35,593.65,627.95,592.5,618.95,615.2
HCLTECH,EQ,16-Jul-20,615.2,630,652.2,607.15,634,627.75
HCLTECH,EQ,17-Jul-20,627.75,629.5,644.65,613.4,624.7,623.15
HCLTECH,EQ,20-Jul-20,623.15,633,652,626.85,649.4,648.6
HCLTECH,EQ,21-Jul-20,648.6,652,662.35,643.3,652.3,652.35
HCLTECH,EQ,22-Jul-20,652.35,657,658,643.1,650.65,650.15
HCLTECH,EQ,23-Jul-20,650.15,650,656.95,643.55,650.95,652.85
HCLTECH,EQ,24-Jul-20,652.85,641,684.8,640.9,683.5,679.95
HCLTECH,EQ,27-Jul-20,679.95,684,704.4,676.5,700.85,701.1
HCLTECH,EQ,28-Jul-20,701.1,702,716.05,695.7,711,712.45
HCLTECH,EQ,29-Jul-20,712.45,710,710.75,692.5,694.4,694.4
HCLTECH,EQ,30-Jul-20,694.4,698,712.55,692.65,696,695.45
HCLTECH,EQ,31-Jul-20,695.45,701.85,716.7,696,706,705.2
HCLTECH,EQ,3-Aug-20,705.2,709.1,718,700.55,707.7,705.95
HCLTECH,EQ,4-Aug-20,705.95,709.5,711,687.05,692.5,692.65
HCLTECH,EQ,5-Aug-20,692.65,692.65,702.4,681,689.5,688.4
HCLTECH,EQ,6-Aug-20,688.4,692,707.6,686.4,703.4,704.9
HCLTECH,EQ,7-Aug-20,704.9,699.9,699.9,685,689.9,690.3
HCLTECH,EQ,10-Aug-20,690.3,694.95,694.95,685.1,693.25,692.05
HCLTECH,EQ,11-Aug-20,692.05,694,700.95,681.5,684,683.8
HCLTECH,EQ,12-Aug-20,683.8,680.6,719,677.05,715.65,717.1
HCLTECH,EQ,13-Aug-20,717.1,717,729,713.05,718.55,724.6
HCLTECH,EQ,14-Aug-20,724.6,727.9,727.9,707.25,708.95,709.1
HCLTECH,EQ,17-Aug-20,709.1,711.1,720.8,709.25,719,718.85
HCLTECH,EQ,18-Aug-20,718.85,718.95,721.7,712.4,714.8,714.45
HCLTECH,EQ,19-Aug-20,714.45,713.8,714.2,705,711,709.85
HCLTECH,EQ,20-Aug-20,709.85,708.5,715.85,706.05,709.8,710.1
HCLTECH,EQ,21-Aug-20,710.1,715,715,702.7,705.6,705.9
HCLTECH,EQ,24-Aug-20,705.9,706.05,708.45,695.6,707.9,705.7
HCLTECH,EQ,25-Aug-20,705.7,705,711.55,694.7,701,701.6
HCLTECH,EQ,26-Aug-20,701.6,704.7,717.75,697,713.5,712.8
HCLTECH,EQ,27-Aug-20,712.8,713.55,720,706.5,711.9,710.15
HCLTECH,EQ,28-Aug-20,710.15,713.7,716.65,703.2,705.55,706.45
HCLTECH,EQ,31-Aug-20,706.45,705,725,686,688.65,694.4
HCLTECH,EQ,1-Sep-20,694.4,695,704,682.4,692.25,689.6
HCLTECH,EQ,2-Sep-20,689.6,689.9,704.8,689.1,702.7,701.95
HCLTECH,EQ,3-Sep-20,701.95,704.8,716.4,697.6,707.8,706.75
HCLTECH,EQ,4-Sep-20,706.75,695.15,704.5,692.05,702,700.8
HCLTECH,EQ,7-Sep-20,700.8,696.35,712.4,689.05,707.05,708.8
HCLTECH,EQ,8-Sep-20,708.8,708.8,738.9,703.2,721.85,725.9
HCLTECH,EQ,9-Sep-20,725.9,712.1,730.9,710.2,722.6,721.95
HCLTECH,EQ,10-Sep-20,721.95,728.65,728.95,713.8,720.7,722.4
HCLTECH,EQ,11-Sep-20,722.4,712,734,710.15,720.05,721.65
HCLTECH,EQ,14-Sep-20,721.65,745,825.1,744.15,793,794.95
HCLTECH,EQ,15-Sep-20,794.95,791.05,809.85,783.05,791.8,792.7
HCLTECH,EQ,16-Sep-20,792.7,790.05,796.3,779.25,788.45,789.25
HCLTECH,EQ,17-Sep-20,789.25,794.95,817.5,789.5,806.3,808.3
HCLTECH,EQ,18-Sep-20,808.3,808.3,824,804,810,810.6
HCLTECH,EQ,21-Sep-20,810.6,823,849.9,793.45,801.15,802.6
HCLTECH,EQ,22-Sep-20,802.6,813.95,831.5,790.55,825.8,821
HCLTECH,EQ,23-Sep-20,821,832,844.8,810.15,815,814.1
HCLTECH,EQ,24-Sep-20,814.1,811,811.45,784,788,788.3
HCLTECH,EQ,25-Sep-20,788.3,795.25,836,792.6,830.1,827.7
HCLTECH,EQ,28-Sep-20,827.7,838.4,844.75,820.8,834,835.25
HCLTECH,EQ,29-Sep-20,835.25,837.4,841.1,810.2,815.35,812.75
HCLTECH,EQ,30-Sep-20,812.75,818,820.5,807.1,810,811.6
HCLTECH,EQ,1-Oct-20,811.6,819.9,820.95,811.2,813.7,812.95
HCLTECH,EQ,5-Oct-20,812.95,828.8,839.2,815.1,823.3,824.2
HCLTECH,EQ,6-Oct-20,824.2,830,834.5,822.7,828,829.15
HCLTECH,EQ,7-Oct-20,829.15,830,830.6,823,829.9,828.05
HCLTECH,EQ,8-Oct-20,828.05,857.5,879,844.5,849.5,849.55
HCLTECH,EQ,9-Oct-20,849.55,852.9,862.5,849.3,857,855.75
HCLTECH,EQ,12-Oct-20,855.75,860.8,871.95,857.15,866.2,865.8
HCLTECH,EQ,13-Oct-20,865.8,866.3,906.6,863.3,900.9,900.4
HCLTECH,EQ,14-Oct-20,900.4,904,910.7,882,887,890.45
HCLTECH,EQ,15-Oct-20,890.45,899.95,903.7,833.45,863.45,860
HCLTECH,EQ,16-Oct-20,860,859,877,820.6,830.05,827.15
HCLTECH,EQ,19-Oct-20,827.15,839.8,861.7,833,846.95,844.75
HCLTECH,EQ,20-Oct-20,844.75,846.95,886,843.6,881,879.65
HCLTECH,EQ,21-Oct-20,879.65,881,891.65,860,866,871.05
HCLTECH,EQ,22-Oct-20,871.05,858.9,878,851.55,866,866.25
HCLTECH,EQ,23-Oct-20,866.25,871,875.45,850.6,852.5,852.45
HCLTECH,EQ,26-Oct-20,852.45,853,860.9,842.05,847.45,847.8
HCLTECH,EQ,27-Oct-20,847.8,848.95,857.45,838.7,850,847.25
HCLTECH,EQ,28-Oct-20,847.25,852,852,821.6,829.9,829.6
HCLTECH,EQ,29-Oct-20,829.6,825,842.5,818.95,836.4,840.05
HCLTECH,EQ,30-Oct-20,840.05,842.8,859.7,833,844.75,841.95
HCLTECH,EQ,2-Nov-20,841.95,841.95,843.85,819.2,822.15,822.4
HCLTECH,EQ,3-Nov-20,822.4,828,832,812.35,813.5,814.05
HCLTECH,EQ,4-Nov-20,814.05,812.2,841.75,810.6,817.95,815.15
HCLTECH,EQ,5-Nov-20,815.15,834,851.1,830.05,845,842.9
HCLTECH,EQ,6-Nov-20,842.9,846,855.8,836.4,854.8,850.1
HCLTECH,EQ,9-Nov-20,850.1,866.8,872.8,847.1,858.95,855
HCLTECH,EQ,10-Nov-20,855,848.5,848.5,805.75,812.15,809.7
HCLTECH,EQ,11-Nov-20,809.7,813,829,805.35,827,826.05
HCLTECH,EQ,12-Nov-20,826.05,827.15,837,822,824.8,824.7
HCLTECH,EQ,13-Nov-20,824.7,822.9,831.45,818.15,827.85,828.1
HCLTECH,EQ,14-Nov-20,828.1,834,834,829,830.5,830.5
HCLTECH,EQ,17-Nov-20,830.5,837.95,837.95,814,816.2,815
HCLTECH,EQ,18-Nov-20,815,819,819.9,800.25,814,814.3
HCLTECH,EQ,19-Nov-20,814.3,815,820.45,803,804.6,804.55
HCLTECH,EQ,20-Nov-20,804.55,813.95,823.5,804,820,819.25
HCLTECH,EQ,23-Nov-20,819.25,825,842,816.25,838.5,839.2
HCLTECH,EQ,24-Nov-20,839.2,843.9,857.4,835.35,841,840.5
HCLTECH,EQ,25-Nov-20,840.5,840.5,846,822.5,825,824.7
HCLTECH,EQ,26-Nov-20,824.7,824.1,845,819.6,841.2,842.05
HCLTECH,EQ,27-Nov-20,842.05,842,847.8,814.35,823.15,822.1
HCLTECH,EQ,1-Dec-20,822.1,824,835.7,815.1,835,834.1
HCLTECH,EQ,2-Dec-20,834.1,836.15,847.45,831.3,844,843.15
HCLTECH,EQ,3-Dec-20,843.15,848.5,864,843.3,862.05,862.2
HCLTECH,EQ,4-Dec-20,862.2,866,867.85,854.45,858,858.5
HCLTECH,EQ,7-Dec-20,858.5,858,859.95,850.4,855,855.3
HCLTECH,EQ,8-Dec-20,855.3,859,875.7,856,863.2,863.8
HCLTECH,EQ,9-Dec-20,863.8,866.1,880,864.1,871.35,870.55
HCLTECH,EQ,10-Dec-20,870.55,870.55,877.8,865,869.5,866.75
HCLTECH,EQ,11-Dec-20,866.75,871,881.8,855.2,865.15,862.25
HCLTECH,EQ,14-Dec-20,862.25,866.1,875.65,858.1,873.7,873
HCLTECH,EQ,15-Dec-20,873,874.7,889,870,885.1,886
HCLTECH,EQ,16-Dec-20,886,886.25,892,878.45,882,885.05
HCLTECH,EQ,17-Dec-20,885.05,887,887,877,878,879.35
HCLTECH,EQ,18-Dec-20,879.35,894.75,905,886.65,890.35,890.65
HCLTECH,EQ,21-Dec-20,890.65,886.65,910.5,850,872,870.45
HCLTECH,EQ,22-Dec-20,870.45,879.15,919.25,872,917,913.8
HCLTECH,EQ,23-Dec-20,913.8,920,935,914.8,921.9,922.6
HCLTECH,EQ,24-Dec-20,922.6,927.95,928.25,910.7,917,919.35
HCLTECH,EQ,28-Dec-20,919.35,925,927.5,913.5,922.7,921.8
HCLTECH,EQ,29-Dec-20,921.8,929,945,925.25,936,935.9
HCLTECH,EQ,30-Dec-20,935.9,938,950,931,941.15,940.7
HCLTECH,EQ,31-Dec-20,940.7,939.05,949.85,935,946.4,946.15
HCLTECH,EQ,1-Jan-21,946.15,942,955.5,942,950.25,950.5
HCLTECH,EQ,4-Jan-21,950.5,959,984.7,952.65,978.3,980.4
HCLTECH,EQ,5-Jan-21,980.4,967.2,995.8,967.2,992.5,991.35
HCLTECH,EQ,6-Jan-21,991.35,997.9,998,966.1,976,978.2
HCLTECH,EQ,7-Jan-21,978.2,988,988.2,959.4,963.9,962.55
HCLTECH,EQ,8-Jan-21,962.55,974.9,1003.5,970,994.15,994.65
HCLTECH,EQ,11-Jan-21,994.65,1015,1059.05,1008,1053.25,1055.1
HCLTECH,EQ,12-Jan-21,1055.1,1052,1065.05,1038.7,1064,1062.1
HCLTECH,EQ,13-Jan-21,1062.1,1064,1067,1041,1057,1055.95
HCLTECH,EQ,14-Jan-21,1055.95,1049,1049,1006.6,1031,1027.7
HCLTECH,EQ,15-Jan-21,1027.7,1047.65,1052.85,984,989,989.8
HCLTECH,EQ,18-Jan-21,989.8,1000,1004.95,976.9,978.1,981.5
HCLTECH,EQ,19-Jan-21,981.5,988,997,979.35,987,983.85
HCLTECH,EQ,20-Jan-21,983.85,991.75,1009.65,987.55,997.5,999.25
HCLTECH,EQ,21-Jan-21,999.25,1009,1020,982.95,991.5,993.3
HCLTECH,EQ,22-Jan-21,993.3,991.7,1004,981.4,985.95,985.8
HCLTECH,EQ,25-Jan-21,985.8,997,997,941,948,947.5
HCLTECH,EQ,27-Jan-21,947.5,952.1,963.25,942.5,957.4,955.5
HCLTECH,EQ,28-Jan-21,955.5,948.8,952.4,930.1,932,933.95
HCLTECH,EQ,29-Jan-21,933.95,941,949.5,909.5,914.5,914
HCLTECH,EQ,1-Feb-21,914,919,933.75,896.35,932.1,928.35
HCLTECH,EQ,2-Feb-21,928.35,947,963,935.55,956.1,954.65
HCLTECH,EQ,3-Feb-21,954.65,966,973.3,952.55,961.95,959.9
HCLTECH,EQ,4-Feb-21,959.9,964.7,970.45,950.15,957,957.65
HCLTECH,EQ,5-Feb-21,957.65,960.8,963.9,940.05,947.85,946.15
HCLTECH,EQ,8-Feb-21,946.15,955,964.4,941.35,959.5,957.75
HCLTECH,EQ,9-Feb-21,957.75,965,981.9,946.6,955,951.6
HCLTECH,EQ,10-Feb-21,951.6,955.05,965.1,946.15,960.7,959.45
HCLTECH,EQ,11-Feb-21,959.45,959.45,972.5,953.05,972,970.4
HCLTECH,EQ,12-Feb-21,970.4,975,986.5,957.6,962.8,960.4
HCLTECH,EQ,15-Feb-21,960.4,970,971.25,950.1,955.8,954.65
HCLTECH,EQ,16-Feb-21,954.65,957,962.25,944.1,953.2,952.3
HCLTECH,EQ,17-Feb-21,952.3,952,958.4,941,943,943.2
HCLTECH,EQ,18-Feb-21,943.2,944,956.75,938.35,950,948.1
HCLTECH,EQ,19-Feb-21,948.1,950,958,944.45,949.9,950.15
HCLTECH,EQ,22-Feb-21,950.15,949.5,951.45,916.05,918.6,920.15
HCLTECH,EQ,23-Feb-21,920.15,924,930,906.55,911.45,909.95
HCLTECH,EQ,24-Feb-21,909.95,918,919.45,905.5,913,916
HCLTECH,EQ,25-Feb-21,916,925.9,934.05,922.15,931.8,929.25
HCLTECH,EQ,26-Feb-21,929.25,908,925,905.1,911,909.45
HCLTECH,EQ,1-Mar-21,909.45,916,934.45,915.65,931,930.35
HCLTECH,EQ,2-Mar-21,930.35,933.85,957.9,928.6,952,953.75
HCLTECH,EQ,3-Mar-21,953.75,965,968,947,963.35,965.25
HCLTECH,EQ,4-Mar-21,965.25,952,969.9,951.35,960.25,958
HCLTECH,EQ,5-Mar-21,958,956.1,972,936.3,943.75,941.5
HCLTECH,EQ,8-Mar-21,941.5,952.5,973,944,964.1,961.9
HCLTECH,EQ,9-Mar-21,961.9,964.1,976.9,949.1,976.1,973.15
HCLTECH,EQ,10-Mar-21,973.15,985.7,995.1,979.7,987,988.5
HCLTECH,EQ,12-Mar-21,988.5,988.5,1002.8,973.6,980,979.25
HCLTECH,EQ,15-Mar-21,979.25,977.5,994.35,967.35,992.85,992.35
HCLTECH,EQ,16-Mar-21,992.35,993,1018.8,990.45,1008.05,1007.25
HCLTECH,EQ,17-Mar-21,1007.25,1012,1023.9,982.7,990.5,987.45
HCLTECH,EQ,18-Mar-21,987.45,995,999.75,932.4,953.15,947.75
HCLTECH,EQ,19-Mar-21,947.75,950,969,937.7,962,960.45
HCLTECH,EQ,22-Mar-21,960.45,960.45,982.45,944.6,977.05,978.75
HCLTECH,EQ,23-Mar-21,978.75,983.65,992.9,971.8,981,980.85
HCLTECH,EQ,24-Mar-21,980.85,971.05,984.75,965.8,974.55,975.65
HCLTECH,EQ,25-Mar-21,975.65,970,974.5,950,962,957.05
HCLTECH,EQ,26-Mar-21,957.05,965,975,953.8,960,958.55
HCLTECH,EQ,30-Mar-21,958.55,965,1000.8,964.45,995.1,995.8
HCLTECH,EQ,31-Mar-21,995.8,1000,1000,978.65,984.1,982.65
HCLTECH,EQ,1-Apr-21,982.65,992,1013.5,990.6,1000.6,1002.6
HCLTECH,EQ,5-Apr-21,1002.6,1007,1040,1002.6,1034.55,1033.5
HCLTECH,EQ,6-Apr-21,1033.5,1039,1040.6,1020.25,1029,1028.4
HCLTECH,EQ,7-Apr-21,1028.4,1031,1045,1024.7,1037,1037.2
HCLTECH,EQ,8-Apr-21,1037.2,1044,1054.4,1031.65,1037.15,1037.5
HCLTECH,EQ,9-Apr-21,1037.5,1042.1,1054.8,1034.15,1043.05,1045.4
HCLTECH,EQ,12-Apr-21,1045.4,1042.95,1042.95,1001.2,1012.95,1009.4
HCLTECH,EQ,13-Apr-21,1009.4,1012.5,1020.8,972.2,988.3,983.4
HCLTECH,EQ,15-Apr-21,983.4,968,994.7,958.75,994,991.9
HCLTECH,EQ,16-Apr-21,991.9,1000,1016.8,994.5,1016,1012.75
HCLTECH,EQ,19-Apr-21,1012.75,996,1028.45,987.85,990,994.6
HCLTECH,EQ,20-Apr-21,994.6,1006,1006,957,960.9,961.3
HCLTECH,EQ,22-Apr-21,961.3,966,971.9,955.3,960.8,961.9
HCLTECH,EQ,23-Apr-21,961.9,964,974.85,950.2,956.5,955.65
HCLTECH,EQ,26-Apr-21,955.65,940,954.5,923.05,930,928.8
HCLTECH,EQ,27-Apr-21,928.8,931,938.55,923.4,930.3,928.85
HCLTECH,EQ,28-Apr-21,928.85,931.2,935.85,921.75,925.9,923.8
HCLTECH,EQ,29-Apr-21,923.8,929.7,929.7,907.1,910.3,909.55
HCLTECH,EQ,30-Apr-21,909.55,905,915,895.4,900.1,898.95
HCLTECH,EQ,3-May-21,898.95,898.75,910.45,891,909.9,907.7
HCLTECH,EQ,4-May-21,907.7,910,915,899.25,902.95,900.95
HCLTECH,EQ,5-May-21,900.95,903.95,910.8,900.6,910.15,909.4
HCLTECH,EQ,6-May-21,909.4,912,923.9,901.25,915.2,916
HCLTECH,EQ,7-May-21,916,918,921.4,913.7,915.55,916.4
HCLTECH,EQ,10-May-21,916.4,918.05,921.6,910.2,913.95,913.95
